Company Name,Link to Wikipedia Page,GICS Sector,GICS Sub-Industry,Headquarters Location,Industry,Revenue,Net Income,Number of Employees,Market Cap,CEO,Founder(s),Founded
3M,https://en.wikipedia.org/wiki/3M,Industrial Conglomerates,"Saint Paul, Minnesota",1957-03-04,Conglomerate,32.68,6.99,85000,,William M. Brown,"J. Danley Budd, Henry S. Bryan, William A. McGonagle, John Dwan, Hermon W. Cable, Charles Simmons",1902
A. O. Smith,https://en.wikipedia.org/wiki/A._O._Smith,Building Products,"Milwaukee, Wisconsin",2017-07-26,Water technology,2.9,0.37,151005,,Kevin J. Wheeler,Charles Jeremiah Smith,1874
Abbott Laboratories,https://en.wikipedia.org/wiki/Abbott_Laboratories,Health Care Equipment,"North Chicago, Illinois",1957-03-04,"Health care, Medical devices, Pharmaceutical",40.1,5.72,114000,,,Wallace Calvin Abbott,1888
AbbVie,https://en.wikipedia.org/wiki/AbbVie,Biotechnology,"North Chicago, Illinois",2012-12-31,Biopharmaceutical,54.32,4.873,50000,,Robert Michael,,2012
Accenture,https://en.wikipedia.org/wiki/Accenture,IT Consulting & Other Services,"Dublin, Ireland",2011-07-06,"Professional services, Information technology consulting",64.9,7.42,774000,,Julie Sweet,,1989
Adobe Inc.,https://en.wikipedia.org/wiki/Adobe_Inc.,Application Software,"San Jose, California",1997-05-05,Software,19.41,5.428,29945,,Shantanu Narayen,"John Warnock, Charles Geschke",1982
Advanced Micro Devices,https://en.wikipedia.org/wiki/AMD,Semiconductors,"Santa Clara, California",2017-03-20,"Semiconductors, Artificial intelligence, GPUs, Consumer electronics, Video games, Computer hardware",22.68,0.854,26000,,Lisa Su,Team led byJerry Sanders,1969
AES Corporation,https://en.wikipedia.org/wiki/AES_Corporation,Independent Power Producers & Energy Traders,"Arlington, Virginia",1998-10-02,Energy,12.7,0.249,9600,,Jay Morse,"Roger Sant, Dennis Bakke",1981
Aflac,https://en.wikipedia.org/wiki/Aflac,Life & Health Insurance,"Columbus, Georgia",1999-05-28,InsuranceHuman resourcesservices,18.7,4.659,12785,,Dan Amos,"John Amos, Paul Amos, Bill Amos",1955
Agilent Technologies,https://en.wikipedia.org/wiki/Agilent_Technologies,Life Sciences Tools & Services,"Santa Clara, California",2000-06-05,Healthcare equipment and services,6.83,1.24,18100,,Padraig McDonnell,,1999
Air Products,https://en.wikipedia.org/wiki/Air_Products,Industrial Gases,"Upper Macungie Township, Pennsylvania",1985-04-30,"Industrial gas,chemicals",12.6,2.34,23000,,Seifi Ghasemi,Leonard P. Pool,1940
Airbnb,https://en.wikipedia.org/wiki/Airbnb,"Hotels, Resorts & Cruise Lines","San Francisco, California",2023-09-18,Lodging,5.99,0.352,6907,,Brian Chesky,"Brian Chesky, Joe Gebbia, Nathan Blecharczyk",2008
Akamai Technologies,https://en.wikipedia.org/wiki/Akamai_Technologies,Internet Services & Infrastructure,"Cambridge, Massachusetts",2007-07-12,"Internet, Cloud computing",3.81,0.548,10250,,F. Thomson Leighton,"Daniel Lewin, F. Thomson Leighton, Randall Kaplan, Preetish Nijhawan, Jonathan Seelig",1998
Albemarle Corporation,https://en.wikipedia.org/wiki/Albemarle_Corporation,Specialty Chemicals,"Charlotte, North Carolina",2016-07-01,Chemical industry,9.62,1.57,9000,,Kent Masters,,1994
Alexandria Real Estate Equities,https://en.wikipedia.org/wiki/Alexandria_Real_Estate_Equities,Office REITs,"Pasadena, California",2017-03-20,Real estate investment trust,2.588,0.513,593,,,Joel S. MarcusJerry M. Sudarsky,1994
Align Technology,https://en.wikipedia.org/wiki/Align_Technology,Health Care Supplies,"Tempe, Arizona",2017-06-19,Orthodonticsdevices,3.86,0.445,21610,,Joe Hogan,"Zia Chishti, Kelsey Wirth",1997
Allegion,https://en.wikipedia.org/wiki/Allegion,Building Products,"Dublin, Ireland",2013-12-02,"Security,Access control",3.27,0.458,120002,,,,1908
Alliant Energy,https://en.wikipedia.org/wiki/Alliant_Energy,Electric Utilities,"Madison, Wisconsin",2016-07-01,Utilities,3.669,0.674,33752,,,,1917
Allstate,https://en.wikipedia.org/wiki/Allstate,Property & Casualty Insurance,"Northbrook, Illinois",1995-07-13,Insurance,57.09,0.213,53000,,Thomas J. Wilson,,1931
Alphabet Inc. (Class A),https://en.wikipedia.org/wiki/Alphabet_Inc.,Interactive Media & Services,"Mountain View, California",2014-04-03,Conglomerate,307.4,73.79,181269,,Sundar Pichai,"Larry Page, Sergey Brin",1998
Alphabet Inc. (Class C),https://en.wikipedia.org/wiki/Alphabet_Inc.,Interactive Media & Services,"Mountain View, California",2006-04-03,Conglomerate,307.4,73.79,181269,,Sundar Pichai,"Larry Page, Sergey Brin",1998
Altria,https://en.wikipedia.org/wiki/Altria,Tobacco,"Richmond, Virginia",1957-03-04,Tobacco,21.111,2.475,6000,,Billy Gifford,,1985
Amazon,https://en.wikipedia.org/wiki/Amazon_(company),Broadline Retail,"Seattle, Washington",2005-11-18,Conglomerate,574.8,30.43,1525000,,Andy Jassy,Jeff Bezos,1994
Amcor,https://en.wikipedia.org/wiki/Amcor,Paper & Plastic Packaging Products & Materials,"Warmley, Bristol, United Kingdom",2019-06-07,Packaging,13.6,0.74,41000,,,,1896
Amentum,https://en.wikipedia.org/wiki/Amentum_(company),Diversified Support Services,"Chantilly, Virginia",2024-09-30,"National security,defense,healthcare,engineering",9.0,,50000,,John Heller,,2020
Ameren,https://en.wikipedia.org/wiki/Ameren,Multi-Utilities,"St. Louis, Missouri",1991-09-19,Utilities,5.794,0.871,9116,,,,1997
American Electric Power,https://en.wikipedia.org/wiki/American_Electric_Power,Electric Utilities,"Columbus, Ohio",1957-03-04,Electric utilities,19.0,2.21,17250,,Ben Fowke,,1906
American Express,https://en.wikipedia.org/wiki/American_Express,Consumer Finance,"New York City, New York",1976-06-30,"Banking, Payment card services",60.52,8.374,74600,,Stephen J. Squeri,,1850
American International Group,https://en.wikipedia.org/wiki/American_International_Group,Multi-line Insurance,"New York City, New York",1980-03-31,Financial services,46.8,3.614,25200,,Peter Zaffino,Cornelius Vander Starr,1919
American Tower,https://en.wikipedia.org/wiki/American_Tower,Telecom Tower REITs,"Boston, Massachusetts",2007-11-19,"Real estate investment trust, Communication services",11.14,1.483,5643,,Steven Vondran,,1995
American Water Works,https://en.wikipedia.org/wiki/American_Water_Works,Water Utilities,"Camden, New Jersey",2016-03-04,UtilitiesWater and wastewater,3.93,1.26,65003,,,"James S. Kuhn, W.S. Kuhn",1886
Ameriprise Financial,https://en.wikipedia.org/wiki/Ameriprise_Financial,Asset Management & Custody Banks,"Minneapolis, Minnesota",2005-10-03,Financial services,13.44,2.76,12000,,James M. Cracchiolo,John Tappanand J.R. Ridgway,1894
Ametek,https://en.wikipedia.org/wiki/Ametek,Electrical Components & Equipment,"Berwyn, Pennsylvania",2013-09-23,Conglomerate,6.6,1.31,21500,,David A. Zapico,,1930
Amgen,https://en.wikipedia.org/wiki/Amgen,Biotechnology,"Thousand Oaks, California",1992-01-02,Biotechnology,28.19,6.717,26700,,Robert A. Bradway,,1980
Amphenol,https://en.wikipedia.org/wiki/Amphenol,Electronic Components,"Wallingford, Connecticut",2008-09-30,electronics,12.6,1.93,95000,,R. Adam Norwitt,Arthur J. Schmitt,1932
Analog Devices,https://en.wikipedia.org/wiki/Analog_Devices,Semiconductors,"Wilmington, Massachusetts",1999-10-12,Semiconductors,12.3,3.31,26000,,Vincent Roche,"Ray Stata, Matthew Lorber",1965
Ansys,https://en.wikipedia.org/wiki/Ansys,Application Software,"Canonsburg, Pennsylvania",2017-06-19,Computer software,2.27,0.5,6200,,Ajei S. Gopal,,1970
Aon,https://en.wikipedia.org/wiki/Aon_(company),Insurance Brokers,"London, UK",1996-04-23,Financial services,13.38,2.564,50000,,Greg Case,Patrick Ryan,1982
APA Corporation,https://en.wikipedia.org/wiki/APA_Corporation,Oil & Gas Exploration & Production,"Houston, Texas",1997-07-28,Petroleum industry,7.985,0.973,2253,,John J. Christmann IV,"Truman Anderson, Charles Arnao, Raymond Plank",1954
Apple Inc.,https://en.wikipedia.org/wiki/Apple_Inc.,"Technology Hardware, Storage & Peripherals","Cupertino, California",1982-11-30,"Consumer electronics, Software services, Online services",391.04,93.74,164000,,Tim Cook,"Steve Jobs, Steve Wozniak, Ronald Wayne",1976
Applied Materials,https://en.wikipedia.org/wiki/Applied_Materials,Semiconductor Materials & Equipment,"Santa Clara, California",1995-03-16,Semiconductors,26.52,6.856,34000,,Gary E. Dickerson,Michael A. McNeilly,1967
Aptiv,https://en.wikipedia.org/wiki/Aptiv,Automotive Parts & Equipment,"Dublin, Ireland",2012-12-24,Automotive,20.05,2.966,154000,,Kevin P. Clark,,1994
Arch Capital Group,https://en.wikipedia.org/wiki/Arch_Capital_Group,Property & Casualty Insurance,"Hamilton, Bermuda",2022-11-01,"Insurance, Finance",9.25,2.24,5800,,Marc Grandisson,"Robert Clements, Peter A. Appel",2000
Archer Daniels Midland,https://en.wikipedia.org/wiki/Archer_Daniels_Midland,Agricultural Products & Services,"Chicago, Illinois",1957-03-04,"Food processing, Commodities",93.9,3.48,41802,,Juan Luciano,"George A. Archer, John W. Daniels",1902
Arista Networks,https://en.wikipedia.org/wiki/Arista_Networks,Communications Equipment,"Santa Clara, California",2018-08-28,Networking hardware,5.86,2.09,4023,,Jayshree Ullal,"Andy Bechtolsheim, Kenneth Duda, David Cheriton",2004
Arthur J. Gallagher & Co.,https://en.wikipedia.org/wiki/Arthur_J._Gallagher_%26_Co.,Insurance Brokers,"Rolling Meadows, Illinois",2016-05-31,"Brokerage, Insurance",10.07,0.97,52000,,"J. Patrick Gallagher, Jr.",Arthur J. Gallagher,1927
Assurant,https://en.wikipedia.org/wiki/Assurant,Multi-line Insurance,"Atlanta, Georgia",2007-04-10,Insurance,11.1,0.643,13600,,Keith W. Demmings,,1892
AT&T,https://en.wikipedia.org/wiki/AT%26T,Integrated Telecommunication Services,"Dallas, Texas",1983-11-30,Telecommunications,122.4,15.62,149900,,John Stankey,,1885
Atmos Energy,https://en.wikipedia.org/wiki/Atmos_Energy,Gas Utilities,"Dallas, Texas",2019-02-15,Energy,2.82,0.6013999999999999,5019,,J. Kevin Akers,,1906
Autodesk,https://en.wikipedia.org/wiki/Autodesk,Application Software,"San Francisco, California",1989-12-01,"Software, media & entertainment, manufacturing & industrial, bioscience",5.5,0.906,14100,,Andrew Anagnost,"John Walker, Dan Drake",1982
Automatic Data Processing,https://en.wikipedia.org/wiki/ADP_(company),Human Resource & Employment Services,"Roseland, New Jersey",1981-03-31,"Business services, Software",19.2,3.75,64000,,Maria Black,Henry Taub,1949
AutoZone,https://en.wikipedia.org/wiki/AutoZone,Automotive Retail,"Memphis, Tennessee",1997-01-02,Retail,17.48,2.528,119000,,Phil Daniele,Pitt Hyde,1979
AvalonBay Communities,https://en.wikipedia.org/wiki/AvalonBay_Communities,Multi-Family Residential REITs,"Arlington, Virginia",2007-01-10,Real estate investment trust,2.301,0.827,3090,,Timothy J. Naughton,,1978
Avery Dennison,https://en.wikipedia.org/wiki/Avery_Dennison,Paper & Plastic Packaging Products & Materials,"Mentor, Ohio",1987-12-31,Packaging,8.36,0.503,35000,,Deon Stander,R. Stanton Avery(Avery International Corporation)Andrew DennisonAaron Lufkin Dennison (Dennison Manufacturing Company),1935
Axon Enterprise,https://en.wikipedia.org/wiki/Axon_Enterprise,Aerospace & Defense,"Scottsdale, Arizona",2023-05-04,,1.56,0.174,3330,,Patrick W. Smith,"Patrick W. Smith, Thomas P. Smith",1993
Baker Hughes,https://en.wikipedia.org/wiki/Baker_Hughes,Oil & Gas Equipment & Services,"Houston, Texas",2017-07-07,Petroleum industry,25.51,1.97,58000,,Lorenzo Simonelli,,1908
Ball Corporation,https://en.wikipedia.org/wiki/Ball_Corporation,"Metal, Glass & Plastic Containers","Broomfield, Colorado",1984-10-31,Packaging,14.0,0.711,21000,,Dan Fisher,,1880
Bank of America,https://en.wikipedia.org/wiki/Bank_of_America,Diversified Banks,"Charlotte, North Carolina",1976-06-30,Financial services,98.6,26.5,213000,,Brian Moynihan,,1998
Baxter International,https://en.wikipedia.org/wiki/Baxter_International,Health Care Equipment,"Deerfield, Illinois",1972-09-30,Medical equipment,14.81,2.663,60000,,José E. Almeida,Donald Baxter,1931
Becton Dickinson,https://en.wikipedia.org/wiki/BD_(company),Health Care Equipment,"Franklin Lakes, New Jersey",1972-09-30,"Medical equipment,Consulting",20.248,2.002,75000,,Tom Polen,"Maxwell Becton, Fairleigh S. Dickinson",1897
Berkshire Hathaway,https://en.wikipedia.org/wiki/Berkshire_Hathaway,Multi-Sector Holdings,"Omaha, Nebraska",2010-02-16,Conglomerate,364.5,96.22,396500,,Warren Buffett,Oliver Chace,1839
Best Buy,https://en.wikipedia.org/wiki/Best_Buy,Computer & Electronics Retail,"Richfield, Minnesota",1999-06-29,Retail,43.45,1.241,85000,,Corie Barry,"Richard M. Schulze, James Wheeler",1966
Bio-Techne,https://en.wikipedia.org/wiki/Bio-Techne,Life Sciences Tools & Services,"Minneapolis, Minnesota",2021-08-30,Biotechnology,1.16,0.168,3100,,Kim Kelderman,Roger C. Lucas,1976
Biogen,https://en.wikipedia.org/wiki/Biogen,Biotechnology,"Cambridge, Massachusetts",2003-11-13,Biotechnology,9.836,1.162,7570,,Chris Viehbacher,"Kenneth Murray, Phillip Allen Sharp, Walter Gilbert, Heinz Schaller, Charles Weissmann",1978
BlackRock,https://en.wikipedia.org/wiki/BlackRock,Asset Management & Custody Banks,"New York City, New York",2011-04-04,Investments,17.86,5.502,19800,,,"Robert S. Kapito, Larry Fink, Susan Wagner",1988
Blackstone Inc.,https://en.wikipedia.org/wiki/Blackstone_Inc.,Asset Management & Custody Banks,"New York City, New York",2023-09-18,Financial services,8.02,2.44,4735,,Stephen Schwarzman,"Peter Peterson, Stephen Schwarzman",1985
BNY Mellon,https://en.wikipedia.org/wiki/BNY_Mellon,Asset Management & Custody Banks,"New York City, New York",1995-03-31,"Banking, Financial services",17.5,3.051,53400,,Robin Vince,,2007
Boeing,https://en.wikipedia.org/wiki/Boeing,Aerospace & Defense,"Arlington, Virginia",1957-03-04,Aerospace,77.79,2.24,170688,,Kelly Ortberg,William E. Boeing,1916
Booking Holdings,https://en.wikipedia.org/wiki/Booking_Holdings,"Hotels, Resorts & Cruise Lines","Norwalk, Connecticut",2009-11-06,"Travel, Technology",21.37,4.289,23600,,Glenn D. Fogel,Jay S. Walker,1996
BorgWarner,https://en.wikipedia.org/wiki/BorgWarner,Automotive Parts & Equipment,"Auburn Hills, Michigan",2011-12-19,"Automotive industry,E-Mobility",14.2,0.695,39900,,Frédéric Lissalde,,1880
Boston Scientific,https://en.wikipedia.org/wiki/Boston_Scientific,Health Care Equipment,"Marlborough, Massachusetts",1995-02-24,Medical device,14.24,1.592,480001,,Michael F. Mahoney,"John Abele, Peter Nicholas",1979
Bristol Myers Squibb,https://en.wikipedia.org/wiki/Bristol_Myers_Squibb,Pharmaceuticals,"New York City, New York",1957-03-04,Pharmaceuticals,45.01,8.04,34100,,Chris Boerner,"William McLaren Bristol, John Ripley Myers, E. R. Squibb",1887
Broadcom,https://en.wikipedia.org/wiki/Broadcom,Semiconductors,"Palo Alto, California",2014-05-08,"Semiconductor, Computer software",35.82,14.08,40000,,Henry Samueli,,1961
Broadridge Financial Solutions,https://en.wikipedia.org/wiki/Broadridge_Financial_Solutions,Data Processing & Outsourced Services,"Lake Success, New York",2018-06-18,Financial technology,6.507,0.698,14000,,Tim Gokey,,2007
Brown & Brown,https://en.wikipedia.org/wiki/Brown_%26_Brown,Insurance Brokers,"Daytona Beach, Florida",2021-09-20,Property & casualty insurance,3.051,0.5871000000000001,12023,,,,1939
Brown–Forman,https://en.wikipedia.org/wiki/Brown%E2%80%93Forman,Distillers & Vintners,"Louisville, Kentucky",1982-10-31,Drink industry,5.32,0.903,5600,,Lawson E. Whiting,George Garvin Brown,1870
Builders FirstSource,https://en.wikipedia.org/wiki/Builders_FirstSource,Building Products,"Irving, Texas",2023-12-18,,"22,726,418,000 United States dollar (2022)","2,749,369,000 United States dollar (2022)",,,Peter Jackson,,1998
Bunge Global,https://en.wikipedia.org/wiki/Bunge_Global,Agricultural Products & Services,"Chesterfield, Missouri",2023-03-15,Food processing,67.23,"1,610,000,000 United States dollar (2022)",23000,,Kathleen Hyle,Johann P. G. Bunge,1818
"BXP, Inc.","https://en.wikipedia.org/wiki/BXP,_Inc.",Office REITs,"Boston, Massachusetts",2006-04-03,Real estate,3.274,0.291,836,,Owen D. Thomas,"Mortimer Zuckerman, Edward H. Linde",1970
C.H. Robinson,https://en.wikipedia.org/wiki/C.H._Robinson,Air Freight & Logistics,"Eden Prairie, Minnesota",2007-03-02,"Transportation, Logistics",17.6,0.325,15246,,David Bozeman,Charles Henry Robinson,1905
Cadence Design Systems,https://en.wikipedia.org/wiki/Cadence_Design_Systems,Application Software,"San Jose, California",2017-09-18,Software,4.09,1.04,11200,,Anirudh Devgan,"James Solomon, Richard Newton, Alberto Sangiovanni-Vincentelli",1983
Caesars Entertainment,https://en.wikipedia.org/wiki/Caesars_Entertainment,Casinos & Gaming,"Reno, Nevada",2021-03-22,"Gaming, hospitality",11.5,0.828,510002,,Thomas Reeg,,1996
Camden Property Trust,https://en.wikipedia.org/wiki/Camden_Property_Trust,Multi-Family Residential REITs,"Houston, Texas",2022-04-04,Real estate investment trust,1.542,0.403,1640,,Richard J. Campo,"Richard J. Campo, D. Keith Oden",1981
Campbell Soup Company,https://en.wikipedia.org/wiki/Campbell_Soup_Company,Packaged Foods & Meats,"Camden, New Jersey",1957-03-04,Food processing,8.691,1.628,190003,,Mark Clouse,Joseph A. Campbell,1869
Capital One,https://en.wikipedia.org/wiki/Capital_One,Consumer Finance,"Tysons Corner, Virginia",1998-07-01,Financial services,36.787,4.582,52000,,Richard Fairbank,"Richard Fairbank, Nigel Morris",1994
Cardinal Health,https://en.wikipedia.org/wiki/Cardinal_Health,Health Care Distributors,"Dublin, Ohio",1997-05-27,Healthcare,227.0,0.852,48900,,Jason Hollar,Robert D. Walter,1971
CarMax,https://en.wikipedia.org/wiki/CarMax,Automotive Retail,"Richmond, Virginia",2010-06-28,Used car retailer,18.95,2.37,27000,,Bill Nash,,1993
Carnival,https://en.wikipedia.org/wiki/Carnival_Corporation_%26_plc,"Hotels, Resorts & Cruise Lines","Miami, Florida",1998-12-22,"Hospitality,Tourism",21.593,0.074,90000,,Micky Arison,Ted Arison(for the Carnival Cruise Line),1972
Carrier Global,https://en.wikipedia.org/wiki/Carrier_Global,Building Products,"Palm Beach Gardens, Florida",2020-04-03,Home appliances,22.1,1.35,53000,,Dave Gitlin,Willis Carrier,1915
Catalent,https://en.wikipedia.org/wiki/Catalent,Pharmaceuticals,"Somerset, New Jersey",2020-09-21,Pharmaceuticals,4.38,1.04,16900,,,,2007
Caterpillar Inc.,https://en.wikipedia.org/wiki/Caterpillar_Inc.,Construction Machinery & Heavy Transportation Equipment,"Irving, Texas",1957-03-04,"Heavy equipment, Engines, Financial services",67.06,10.34,113200,,Jim Umpleby,"C.L. Best, Benjamin Holt",1925
Cboe Global Markets,https://en.wikipedia.org/wiki/Cboe_Global_Markets,Financial Exchanges & Data,"Chicago, Illinois",2017-03-01,Security & commodity exchanges,3.77,0.761,1647,,Fredric J Tomczyk,Chicago Board of Trade,1973
CBRE Group,https://en.wikipedia.org/wiki/CBRE_Group,Real Estate Services,"Dallas, Texas",2006-11-10,Real estate,30.8,1.4,44000,,Bob Sulentic,,1906
CDW,https://en.wikipedia.org/wiki/CDW,Technology Distributors,"Vernon Hills, Illinois",2019-09-23,B2BITproducts and services,21.4,1.1,15100,,Christine Leahy,Michael Krasny,1984
Celanese,https://en.wikipedia.org/wiki/Celanese,Specialty Chemicals,"Irving, Texas",2018-12-24,Chemicals and advanced materials,10.9,1.96,12410,,Lori J. Ryerkerk,Camille Dreyfus,1918
Cencora,https://en.wikipedia.org/wiki/Cencora,Health Care Distributors,"Conshohocken, Pennsylvania",2001-08-30,Pharmaceutical,262.0,1.75,46000,,Richard C. Gozon,,2001
Centene Corporation,https://en.wikipedia.org/wiki/Centene_Corporation,Managed Health Care,"St. Louis, Missouri",2016-03-30,"Managed healthcare, Insurance",154.0,2.7,67700,,Sarah London,"Elizabeth ""Betty"" Brinn",1984
CenterPoint Energy,https://en.wikipedia.org/wiki/CenterPoint_Energy,Multi-Utilities,"Houston, Texas",1985-07-31,Utilities,7.418,0.773,8827,,Jason P. Wells,,1882
CF Industries,https://en.wikipedia.org/wiki/CF_Industries,Fertilizers & Agricultural Chemicals,"Deerfield, Illinois",2008-08-27,Chemicals,4.124,0.317,30162,,Tony Will,,1946
Charles River Laboratories,https://en.wikipedia.org/wiki/Charles_River_Laboratories,Life Sciences Tools & Services,"Wilmington, Massachusetts",2021-05-14,"Pharmaceuticals, Biotechnology, Gene Therapy, Cell Therapy, Medical devices",4.13,0.474,21800,,James C. Foster,,1947
Charles Schwab Corporation,https://en.wikipedia.org/wiki/Charles_Schwab_Corporation,Investment Banking & Brokerage,"Westlake, Texas",1997-06-02,Financial services,18.84,5.067,33000,,,Charles R. Schwab,1971
Charter Communications,https://en.wikipedia.org/wiki/Charter_Communications,Cable & Satellite,"Stamford, Connecticut",2016-09-08,TelecommunicationsMass media(Internet),54.61,5.26,101100,,Chris Winfrey,"Barry Babcock, Jerald Kent, Howard Wood",1993
Chevron Corporation,https://en.wikipedia.org/wiki/Chevron_Corporation,Integrated Oil & Gas,"San Ramon, California",1957-03-04,"Energy, Oil and gas",200.9,21.37,45600,,Mike Wirth,"Charles N. Felton, Lloyd Tevis",1879
Chipotle Mexican Grill,https://en.wikipedia.org/wiki/Chipotle_Mexican_Grill,Restaurants,"Newport Beach, California",2011-04-28,Restaurants,9.87,1.23,116068,,,Steve Ells,1993
Chubb Limited,https://en.wikipedia.org/wiki/Chubb_Limited,Property & Casualty Insurance,"Zurich, Switzerland",2010-07-15,Insuranceandreinsurance,49.74,9.028,40000,,Evan G. Greenberg,Thomas Caldecot Chubb,1985
Church & Dwight,https://en.wikipedia.org/wiki/Church_%26_Dwight,Household Products,"Ewing, New Jersey",2015-12-29,"Dental, Medical",5.4,,51002,,Matthew T. Farrell,John DwightAustin Church,1847
Cigna,https://en.wikipedia.org/wiki/Cigna,Health Care Services,"Bloomfield, Connecticut",1976-06-30,"Managed healthcare, Insurance",195.3,5.372,72500,,David Cordani,,1982
Cincinnati Financial,https://en.wikipedia.org/wiki/Cincinnati_Financial,Property & Casualty Insurance,"Fairfield, Ohio",1997-12-18,Insurance,7.536,1.216,5426,,Stephen M. Spray,"John J. Schiff Sr., Robert C. Schiff Sr.",1950
Cintas,https://en.wikipedia.org/wiki/Cintas,Diversified Support Services,"Mason, Ohio",2001-03-01,Service,9.59,1.57,46500,,Todd Schneider,Richard (Doc) Farmer,1929
Cisco,https://en.wikipedia.org/wiki/Cisco,Communications Equipment,"San Jose, California",1993-12-01,"Networking hardware, Networking software",53.8,10.32,90400,,Chuck Robbins,"Leonard Bosack, Sandy Lerner",1984
Citigroup,https://en.wikipedia.org/wiki/Citigroup,Diversified Banks,"New York City, New York",1988-05-31,Financial services,78.46,9.228,239000,,Jane Fraser,,1998
Citizens Financial Group,https://en.wikipedia.org/wiki/Citizens_Financial_Group,Regional Banks,"Providence, Rhode Island",2016-01-29,Banking,8.224,1.965,17570,,Bruce Van Saun,,1828
Clorox,https://en.wikipedia.org/wiki/Clorox,Household Products,"Oakland, California",1969-03-31,"Consumerhousehold goods, food, pet care, commercial cleaning",7.09,0.28,8000,,Linda Rendle,"Archibald Taft, Edward Hughes, Charles Husband, Rufus Myers, William Hussey",1913
CME Group,https://en.wikipedia.org/wiki/CME_Group,Financial Exchanges & Data,"Chicago, Illinois",2006-08-11,Financial Services,5.589,3.226,3565,,Terrence A. Duffy,,1848
CMS Energy,https://en.wikipedia.org/wiki/CMS_Energy,Multi-Utilities,"Jackson, Michigan",1957-03-04,Energy,7.46,0.887,8356,,Garrick Rochow,,1886
Coca-Cola Company (The),https://en.wikipedia.org/wiki/The_Coca-Cola_Company,Soft Drinks & Non-alcoholic Beverages,"Atlanta, Georgia",1957-03-04,Beverage,45.8,10.7,79100,,James Quincey,Asa Griggs Candler,1892
Cognizant,https://en.wikipedia.org/wiki/Cognizant,IT Consulting & Other Services,"Teaneck, New Jersey",2006-11-17,Information technology consultingOutsourcing,19.42,2.29,336300,,Ravi Kumar Singisetti,Kumar MahadevaFrancisco D'SouzaSrini Raju,1994
Colgate-Palmolive,https://en.wikipedia.org/wiki/Colgate-Palmolive,Household Products,"New York City, New York",1957-03-04,Consumer goods,19.5,2.3,34000,,Noel Wallace,"William Colgate(Colgate), Burdett J. Johnson (Palmolive), William J. Peet and Robert Peet (Peet Brothers)",1806
Comcast,https://en.wikipedia.org/wiki/Comcast,Cable & Satellite,"Philadelphia, Pennsylvania",2002-11-19,"Telecommunications, Media, Entertainment",121.6,15.11,186000,,Brian L. Roberts,Ralph J. Roberts,1963
Conagra Brands,https://en.wikipedia.org/wiki/Conagra_Brands,Packaged Foods & Meats,"Chicago, Illinois",1983-08-31,Food processing,12.1,0.347,18500,,Sean Connolly,Alva Kinney,1919
ConocoPhillips,https://en.wikipedia.org/wiki/ConocoPhillips,Oil & Gas Exploration & Production,"Houston, Texas",1957-03-04,Oil and gas,58.57,10.96,9900,,Ryan Lance,Frank Phillips,1875
Consolidated Edison,https://en.wikipedia.org/wiki/Consolidated_Edison,Multi-Utilities,"New York City, New York",1957-03-04,Energy,14.66,2.516,14592,,Tim Cawley,,1823
Constellation Brands,https://en.wikipedia.org/wiki/Constellation_Brands,Distillers & Vintners,"Rochester, New York",2005-07-01,Beverages,9.355,2.031,93003,,Rob Sands,Marvin Sands,1945
Constellation Energy,https://en.wikipedia.org/wiki/Constellation_Energy,Electric Utilities,"Baltimore, Maryland",2022-02-02,Energy,24.92,1.577,13871,,Joseph Dominguez,,1999
Cooper Companies (The),https://en.wikipedia.org/wiki/The_Cooper_Companies,Health Care Supplies,"San Ramon, California",2016-09-23,Medical Devices,,"385,800,000 United States dollar (2022)",15000,,Albert G. White III,,1958
Copart,https://en.wikipedia.org/wiki/Copart,Diversified Support Services,"Dallas, Texas",2018-07-02,Automotive,4.24,1.36,11700,,Jeff Liaw,Willis J. Johnson,1982
Corning Inc.,https://en.wikipedia.org/wiki/Corning_Inc.,Electronic Components,"Corning, New York",1995-02-27,"Technology, Glass & Ceramic Materials",14.19,1.32,57500,,Wendell P. Weeks,Amory Houghton,1851
Corpay,https://en.wikipedia.org/wiki/Corpay,Transaction & Payment Processing Services,"Atlanta, Georgia",2018-06-20,Financial data services,3.76,0.982,10500,,Ronald F. Clarke,,2000
Corteva,https://en.wikipedia.org/wiki/Corteva,Fertilizers & Agricultural Chemicals,"Indianapolis, Indiana",2019-06-03,Agricultural chemicals,17.226,0.735,22500,,Chuck Magro,,2019
CoStar Group,https://en.wikipedia.org/wiki/CoStar_Group,Real Estate Services,"Washington, D.C.",2022-09-19,Commercial property,2.46,0.369,6152,,Andrew C. Florance,Andrew Florance,1987
Costco,https://en.wikipedia.org/wiki/Costco,Consumer Staples Merchandise Retail,"Issaquah, Washington",1993-10-01,Retail,254.5,7.367,333000,,,"James Sinegal, Jeffrey Brotman",1983
Coterra,https://en.wikipedia.org/wiki/Coterra,Oil & Gas Exploration & Production,"Houston, Texas",2008-06-23,Petroleum industry,3.449,1.158,936,,Thomas E. Jorden,,1989
CrowdStrike,https://en.wikipedia.org/wiki/CrowdStrike,Systems Software,"Austin, Texas",2024-06-24,Information security,3.06,0.08929999999999999,7925,,George Kurtz,"George Kurtz, Dmitri Alperovitch, Gregg Marston",2011
Crown Castle,https://en.wikipedia.org/wiki/Crown_Castle,Telecom Tower REITs,"Houston, Texas",2012-03-14,Telecommunications,0.005,0.942,45001,,,,1994
CSX Corporation,https://en.wikipedia.org/wiki/CSX_Corporation,Rail Transportation,"Jacksonville, Florida",1957-03-04,"Transport, real estate, technology",14.66,3.715,23000,,Joseph R. Hinrichs,,1980
Cummins,https://en.wikipedia.org/wiki/Cummins,Construction Machinery & Heavy Transportation Equipment,"Columbus, Indiana",1965-03-31,"Heavy equipment,automotive",34.07,0.735,75500,,,"Clessie Lyle Cummins, William Glanton Irwin",1919
CVS Health,https://en.wikipedia.org/wiki/CVS_Health,Health Care Services,"Woonsocket, Rhode Island",1957-03-04,"Managed healthcare, Health insurance, Pharmacy",357.8,8.344,300000,,David Joyner,"Stanley P. Goldstein, Sidney Goldstein, Ralph P. Hoagland III",1963
Danaher Corporation,https://en.wikipedia.org/wiki/Danaher_Corporation,Life Sciences Tools & Services,"Washington, D.C.",1998-11-18,Conglomerate,23.9,4.76,63000,,Steven Rales,"Steven Rales, Mitchell Rales",1969
Darden Restaurants,https://en.wikipedia.org/wiki/Darden_Restaurants,Restaurants,"Orlando, Florida",1995-05-31,Restaurant,11.4,1.03,191105,,Rick Cardenas,William Darden,
DaVita,https://en.wikipedia.org/wiki/DaVita,Health Care Services,"Denver, Colorado",2008-07-31,Healthcare,12.14,0.956,70000,,Javier J. Rodriguez,,1979
Dayforce,https://en.wikipedia.org/wiki/Dayforce,Human Resource & Employment Services,"Minneapolis, Minnesota",2021-09-20,SaaS HCM Software,1.51,0.054799999999999995,9084,,David Ossip,,1992
Deckers Brands,https://en.wikipedia.org/wiki/Deckers_Brands,Footwear,"Goleta, California",2024-03-18,,4.29,0.76,4800,,Michael Devine III,"Karl F. Lopker, Doug Otto",1973
Deere & Company,https://en.wikipedia.org/wiki/Deere_%26_Company,Agricultural & Farm Machinery,"Moline, Illinois",1957-03-04,"Agricultural machinery, Heavy equipment",61.25,10.17,83000,,John C. May,John Deere,1837
Dell Technologies,https://en.wikipedia.org/wiki/Dell_Technologies,"Technology Hardware, Storage & Peripherals","Round Rock, Texas",2024-09-23,Computer hardwareSoftwareCloud computingData storageInformation securityConsulting,88.4,3.21,120000,,Michael Dell,Michael Dell,2016
Delta Air Lines,https://en.wikipedia.org/wiki/Delta_Air_Lines,Passenger Airlines,"Atlanta, Georgia",2013-09-11,,58.1,4.6,,,Ed Bastian,C.E. Woolman,1925
Devon Energy,https://en.wikipedia.org/wiki/Devon_Energy,Oil & Gas Exploration & Production,"Oklahoma City, Oklahoma",2000-08-30,Petroleum industry,15.258,3.747,1900,,Rick Muncrief,"John Nichols, J. Larry Nichols",1971
Dexcom,https://en.wikipedia.org/wiki/Dexcom,Health Care Equipment,"San Diego, California",2020-05-12,,3.62,0.542,9600,,Kevin Sayer,,1999
Diamondback Energy,https://en.wikipedia.org/wiki/Diamondback_Energy,Oil & Gas Exploration & Production,"Midland, Texas",2018-12-03,Petroleum industry,6.797,2.182,870,,Steven E. West,,
Digital Realty,https://en.wikipedia.org/wiki/Digital_Realty,Data Center REITs,"Austin, Texas",2016-05-18,Real estate investment trust,4.69,2.47,3450,,Mary Hogan Preusse,,2004
Discover Financial,https://en.wikipedia.org/wiki/Discover_Financial,Consumer Finance,"Riverwoods, Illinois",2007-07-02,Financial services,20.61,2.94,21100,,Michael Rhodes,Sears,1985
Dollar General,https://en.wikipedia.org/wiki/Dollar_General,Consumer Staples Merchandise Retail,"Goodlettsville, Tennessee",2012-12-03,Discount retailer,37.885,2.416,170000,,Michael M. Calbert,James Luther TurnerCal Turner,1939
Dollar Tree,https://en.wikipedia.org/wiki/Dollar_Tree,Consumer Staples Merchandise Retail,"Chesapeake, Virginia",2011-12-19,"Retail,variety,discount",25.509,1.341,65894,,Rick Dreiling,,1953
Dominion Energy,https://en.wikipedia.org/wiki/Dominion_Energy,Multi-Utilities,"Richmond, Virginia",2016-11-30,Electric utility,16.572,1.376,21000,,Robert Blue,,1983
Domino's,https://en.wikipedia.org/wiki/Domino%27s,Restaurants,"Ann Arbor, Michigan",2020-05-12,"Foodservice, Franchising",4.479,0.5191,9250,,David A. Brandon,"Jim Monaghan, Tom Monaghan, Dominick DeVarti",1960
Dover Corporation,https://en.wikipedia.org/wiki/Dover_Corporation,Industrial Machinery & Supplies & Components,"Downers Grove, Illinois",1985-10-31,Conglomerate,8.44,1.06,25000,,Richard J. Tobin,,1955
Dow Inc.,https://en.wikipedia.org/wiki/Dow_Inc.,Commodity Chemicals,"Midland, Michigan",2019-04-01,Chemicals,44.62,0.589,35900,,Jim Fitterling,Herbert Henry Dow,1897
D. R. Horton,https://en.wikipedia.org/wiki/D._R._Horton,Homebuilding,"Arlington, Texas",2005-06-22,Home construction,35.5,4.75,13450,,Paul J. Romanowski,Donald Ray Horton,1978
DTE Energy,https://en.wikipedia.org/wiki/DTE_Energy,Multi-Utilities,"Detroit, Michigan",1957-03-04,Electric & Gas Utilities,19.288,1.083,10250,,Gerardo Norcia,,
Duke Energy,https://en.wikipedia.org/wiki/Duke_Energy,Electric Utilities,"Charlotte, North Carolina",1976-06-30,Energy,29.06,2.735,27037,,,"James Buchanan Duke, Benjamin Newton Duke",1904
DuPont,https://en.wikipedia.org/wiki/DuPont,Specialty Chemicals,"Wilmington, Delaware",2019-04-02,Chemicals,12.1,0.462,24000,,,,1802
Eastman Chemical Company,https://en.wikipedia.org/wiki/Eastman_Chemical_Company,Specialty Chemicals,"Kingsport, Tennessee",1994-01-01,Manufacturing,9.21,0.894,14000,,Mark J. Costa,George Eastman,1920
Eaton Corporation,https://en.wikipedia.org/wiki/Eaton_Corporation,Electrical Components & Equipment,"Dublin, Ireland",1957-03-04,Conglomerate,20.75,2.46,85000,,Craig Arnold,"Joseph Oriel Eaton II, Viggo Torbensen",1911
eBay,https://en.wikipedia.org/wiki/EBay,Broadline Retail,"San Jose, California",2002-07-22,E-commerce,10.11,2.767,12300,,Jamie Iannone,Pierre Omidyar,1995
Ecolab,https://en.wikipedia.org/wiki/Ecolab,Specialty Chemicals,"Saint Paul, Minnesota",1989-01-31,"Chemicals,Service,Water Management,Food Safety,Infection Prevention",15.3,1.37,48000,,Christophe Beck,Merritt J. Osborn,1923
Edison International,https://en.wikipedia.org/wiki/Edison_International,Electric Utilities,"Rosemead, California",1957-03-04,Public Utility,14.905,0.925,14375,,Pedro J. Pizarro,,1886
Edwards Lifesciences,https://en.wikipedia.org/wiki/Edwards_Lifesciences,Health Care Equipment,"Irvine, California",2011-04-01,Medical technology,5.2,,14000,,Bernard J. Zovighian,,1958
Electronic Arts,https://en.wikipedia.org/wiki/Electronic_Arts,Interactive Home Entertainment,"Redwood City, California",2002-07-22,Video games,7.56,1.27,13700,,Andrew Wilson,Trip Hawkins,1982
Elevance Health,https://en.wikipedia.org/wiki/Elevance_Health,Managed Health Care,"Indianapolis, Indiana",2002-07-25,"Managed healthcare, Insurance",171.34,5.98,102300,,Elizabeth E. Tallett,,2004
Emerson Electric,https://en.wikipedia.org/wiki/Emerson_Electric,Electrical Components & Equipment,"Ferguson, Missouri",1965-03-31,Electrical equipment,15.17,13.22,67000,,Lal Karsanbhai,John W. Emerson,1890
Enphase Energy,https://en.wikipedia.org/wiki/Enphase_Energy,Semiconductor Materials & Equipment,"Fremont, California",2021-01-07,Renewable energy,2.29,0.439,3157,,Badri Kothandaraman,"Raghu Belur, Martin Fornage",2006
Entergy,https://en.wikipedia.org/wiki/Entergy,Electric Utilities,"New Orleans, Louisiana",1957-03-04,Energy industry,10.113,1.406,135043,,Andrew “Drew” Marsh,,1913
EOG Resources,https://en.wikipedia.org/wiki/EOG_Resources,Oil & Gas Exploration & Production,"Houston, Texas",2000-11-02,Petroleum industry,"25,702,000,000 United States dollar (2022)","7,759,000,000 United States dollar (2022)",2900,,Ezra Y. Yacob,Mark G. Papa,1999
EPAM Systems,https://en.wikipedia.org/wiki/EPAM_Systems,IT Consulting & Other Services,"Newtown, Pennsylvania",2021-12-14,Software engineering,4.69,0.417,65150,,Arkadiy Dobkin,,1993
EQT Corporation,https://en.wikipedia.org/wiki/EQT_Corporation,Oil & Gas Exploration & Production,"Pittsburgh, Pennsylvania",2022-10-03,Petroleum industry,6.909,1.735,881,,Toby Rice,Michael and Obediah Haymaker,1888
Equifax,https://en.wikipedia.org/wiki/Equifax,Research & Consulting Services,"Atlanta, Georgia",1997-06-19,Credit riskassessment,5.27,0.545,14900,,,"Cator Woolford, Guy Woolford",1899
Equinix,https://en.wikipedia.org/wiki/Equinix,Data Center REITs,"Redwood City, California",2015-03-20,Internet,8.19,0.969,13151,,Adaire Fox-Martin,"Jay Adelson, Al Avery",1998
Equity Residential,https://en.wikipedia.org/wiki/Equity_Residential,Multi-Family Residential REITs,"Chicago, Illinois",2001-12-03,Apartments,2.735,0.773,2400,,Mark J. Parrell,Sam Zell,1969
Erie Indemnity,https://en.wikipedia.org/wiki/Erie_Insurance_Group,Insurance Brokers,"Erie, Pennsylvania",2024-09-23,Insurance,,,6481,,Timothy G. NeCastro,"Ollie G. Crawfordin, Henry Orth Hirt",1925
Essex Property Trust,https://en.wikipedia.org/wiki/Essex_Property_Trust,Multi-Family Residential REITs,"San Mateo, California",2014-04-02,Real estate investment trust,1.669,0.405,1750,,,George M. Marcus,1971
Estée Lauder Companies (The),https://en.wikipedia.org/wiki/The_Est%C3%A9e_Lauder_Companies,Personal Care Products,"New York City, New York",2006-01-05,Cosmetics,15.6,0.409,62000,,,"Estée Lauder, Joseph Lauder",1946
Everest Group,https://en.wikipedia.org/wiki/Everest_Group,Reinsurance,"Hamilton, Bermuda",2017-06-19,Insurance,12.06,0.597,2428,,Juan C. Andrade,,1973
Evergy,https://en.wikipedia.org/wiki/Evergy,Electric Utilities,"Kansas City, Missouri",2018-06-05,Electric utility,5.148,,4658,,David Campbell,,1882
Eversource Energy,https://en.wikipedia.org/wiki/Eversource_Energy,Electric Utilities,"Hartford, Connecticut",2009-07-24,Utility,9.86,1.23,92996,,Joseph R. Nolan,,1966
Exelon,https://en.wikipedia.org/wiki/Exelon,Electric Utilities,"Chicago, Illinois",1957-03-04,Public utility,21.73,2.328,19962,,Calvin Butler,,2000
Expedia Group,https://en.wikipedia.org/wiki/Expedia_Group,"Hotels, Resorts & Cruise Lines","Seattle, Washington",2007-10-02,Travel technology,12.8,0.688,17100,,,Rich Barton,1996
Expeditors International,https://en.wikipedia.org/wiki/Expeditors_International,Air Freight & Logistics,"Seattle, Washington",2007-10-10,Logistics,8.1,0.818,195882,,,,1979
Extra Space Storage,https://en.wikipedia.org/wiki/Extra_Space_Storage,Self-Storage REITs,"Salt Lake City, Utah",2016-01-19,Real Estate Investment Trust,1.577,0.877,4048,,Kenneth Woolley,Kenneth Woolley,1977
ExxonMobil,https://en.wikipedia.org/wiki/ExxonMobil,Integrated Oil & Gas,"Irving, Texas",1957-03-04,Energy,344.6,36.01,61500,,Darren Woods,Lucio NotoLee Raymond,1882
"F5, Inc.","https://en.wikipedia.org/wiki/F5,_Inc.",Communications Equipment,"Seattle, Washington",2010-12-20,Technology,2.81,0.395,6524,,François Locoh-Donou,,1996
FactSet,https://en.wikipedia.org/wiki/FactSet,Financial Exchanges & Data,"Norwalk, Connecticut",2021-12-20,"Financial services, Technology",2.09,0.468,12237,,F. Philip Snow,"Howard Wille, Charles Snyder",1978
Fair Isaac,https://en.wikipedia.org/wiki/FICO,Application Software,"Bozeman, Montana",2023-03-20,Computer,1.295,0.23641,3305,,,,1956
Fastenal,https://en.wikipedia.org/wiki/Fastenal,Trading Companies & Distributors,"Winona, Minnesota",2008-09-15,,7.25,1.16,23201,,Daniel L. Florness,Bob Kierlin,1967
Federal Realty Investment Trust,https://en.wikipedia.org/wiki/Federal_Realty_Investment_Trust,Retail REITs,"Rockville, Maryland",2016-02-01,Real estate investment trust,0.951,0.269,315,,David Faeder,Samuel J. Gorlitz,1962
FedEx,https://en.wikipedia.org/wiki/FedEx,Air Freight & Logistics,"Memphis, Tennessee",1980-12-31,"E-commerce, Services, Transportation",87.69,4.331,505000,,Raj Subramaniam,Frederick W. Smith,1971
Fidelity National Information Services,https://en.wikipedia.org/wiki/FIS_(company),Transaction & Payment Processing Services,"Jacksonville, Florida",2006-11-10,Financial Sector,13.88,0.417,65000,,Stephanie Ferris,,1968
Fifth Third Bancorp,https://en.wikipedia.org/wiki/Fifth_Third_Bancorp,Regional Banks,"Cincinnati, Ohio",1996-03-29,"Banking, Investment banking, Financial services","5,609,000,000 United States dollar (2022)",2.212,18724,,Timothy N. Spence,,1858
First Solar,https://en.wikipedia.org/wiki/First_Solar,Semiconductors,"Tempe, Arizona",2022-12-19,Photovoltaics,3.58,0.5464199999999999,64002,,Michael J. Ahearn,,1999
FirstEnergy,https://en.wikipedia.org/wiki/FirstEnergy,Electric Utilities,"Akron, Ohio",1997-11-28,Electric Utility,12.9,1.123,12153,,,,1997
Fiserv,https://en.wikipedia.org/wiki/Fiserv,Transaction & Payment Processing Services,"Brookfield, Wisconsin",2001-04-02,,17.7,2.58,42000,,,,1984
FMC Corporation,https://en.wikipedia.org/wiki/FMC_Corporation,Fertilizers & Agricultural Chemicals,"Philadelphia, Pennsylvania",2009-08-19,Chemicals,5.05,0.734,6400,,Mark Douglas,John Bean,1883
Ford Motor Company,https://en.wikipedia.org/wiki/Ford_Motor_Company,Automobile Manufacturers,"Dearborn, Michigan",1957-03-04,Automotive,176.2,4.33,177000,,Jim Farley,Henry Ford,1903
Fortinet,https://en.wikipedia.org/wiki/Fortinet,Systems Software,"Sunnyvale, California",2018-10-11,"Cloud Security, Cybersecurity, Network Security",5.3,1.15,13568,,Ken Xie,"Ken Xie, Michael Xie",2000
Fortive,https://en.wikipedia.org/wiki/Fortive,Industrial Machinery & Supplies & Components,"Everett, Washington",2016-07-01,Conglomerate,6.07,0.866,18000,,Jim Lico,,2016
Fox Corporation (Class A),https://en.wikipedia.org/wiki/Fox_Corporation,Broadcasting,"New York City, New York",2019-03-04,Media,13.98,1.501,10200,,Lachlan Murdoch,Rupert Murdoch,2019
Fox Corporation (Class B),https://en.wikipedia.org/wiki/Fox_Corporation,Broadcasting,"New York City, New York",2019-03-04,Media,13.98,1.501,10200,,Lachlan Murdoch,Rupert Murdoch,2019
Franklin Resources,https://en.wikipedia.org/wiki/Franklin_Resources,Asset Management & Custody Banks,"San Mateo, California",1998-04-30,Financial servicesInvestment management,7.85,0.883,9200,,Jennifer M. Johnson,Rupert H. Johnson Sr.,1947
Freeport-McMoRan,https://en.wikipedia.org/wiki/Freeport-McMoRan,Copper,"Phoenix, Arizona",2011-07-01,MetalsandMining,22.9,1.85,27200,,,"Eric Pierson Swenson, et al",1912
Garmin,https://en.wikipedia.org/wiki/Garmin,Consumer Electronics,"Schaffhausen, Switzerland",2012-12-12,TechnologyConsumer electronicsSoftware servicesOnline services,5.23,1.29,20000,,Cliff Pemble,"Gary Burrell, Min Kao",1989
Gartner,https://en.wikipedia.org/wiki/Gartner,IT Consulting & Other Services,"Stamford, Connecticut",2017-04-05,Business services,5.91,0.882,20237,,Gene Hall,,1979
GE Aerospace,https://en.wikipedia.org/wiki/GE_Aerospace,Aerospace & Defense,"Evendale, Ohio",1957-03-04,Aerospace,31.8,,52000,,H. Lawrence Culp Jr.,,1917
GE HealthCare,https://en.wikipedia.org/wiki/GE_HealthCare,Health Care Equipment,"Chicago, Illinois",2023-01-04,Healthcare,19.6,1.6,51000,,Peter Arduini,,1994
GE Vernova,https://en.wikipedia.org/wiki/GE_Vernova,Heavy Electrical Equipment,"Cambridge, Massachusetts",2024-04-02,Energy,33.2,0.4,80000,,Scott Strazik,,2024
Gen Digital,https://en.wikipedia.org/wiki/Gen_Digital,Systems Software,"Tempe, Arizona",2003-03-25,Computer software,3.81,0.616,3400,,Vincent Pilette,Gary Hendrix,1982
Generac,https://en.wikipedia.org/wiki/Generac,Electrical Components & Equipment,"Waukesha, Wisconsin",2021-03-22,Manufacturing,4.02,0.217,8600,,Aaron Jagdfeld,Robert Kern,1959
General Dynamics,https://en.wikipedia.org/wiki/General_Dynamics,Aerospace & Defense,"Falls Church, Virginia",1957-03-04,"Aerospace, Defense, Shipbuilding",42.3,3.32,111600,,Phebe Novakovic,John Philip Holland,1893
General Mills,https://en.wikipedia.org/wiki/General_Mills,Packaged Foods & Meats,"Golden Valley, Minnesota",1957-03-04,Food processing,19.86,2.497,34000,,Jeffrey Harmening,"Robert Smith, Cadwallader C. Washburn, John Crosby, James Ford Bell",1856
General Motors,https://en.wikipedia.org/wiki/General_Motors,Automobile Manufacturers,"Detroit, Michigan",2013-06-06,Automotive,171.8,9.84,163000,,,William C. Durant,1908
Genuine Parts Company,https://en.wikipedia.org/wiki/Genuine_Parts_Company,Distributors,"Atlanta, Georgia",1973-12-31,,,,48001,,Thomas C. Gallagher,Carlyle andMalcolm Fraser,1925
Gilead Sciences,https://en.wikipedia.org/wiki/Gilead_Sciences,Biotechnology,"Foster City, California",2004-07-01,"Pharmaceutics, Biotechnology",27.12,5.613,18000,,Daniel O'Day,Michael L. Riordan,1987
Global Payments,https://en.wikipedia.org/wiki/Global_Payments,Transaction & Payment Processing Services,"Atlanta, Georgia",2016-04-25,Payment processing,7.4,0.605,240006,,Cameron M. Bready,,2000
Globe Life,https://en.wikipedia.org/wiki/Globe_Life,Life & Health Insurance,"McKinney, Texas",1989-04-30,Life insurance,5.2,0.7397039999999999,3636,,Matthew Darden,,1900
GoDaddy,https://en.wikipedia.org/wiki/GoDaddy,Internet Services & Infrastructure,"Tempe, Arizona",2024-06-24,"Internet, IT consulting, SMEs",4.25,1.37,,,,Bob Parsons,1997
Goldman Sachs,https://en.wikipedia.org/wiki/Goldman_Sachs,Investment Banking & Brokerage,"New York City, New York",2002-07-22,Financial services,46.25,8.52,45300,,David M. Solomon,"Marcus Goldman, Samuel Sachs",1869
Halliburton,https://en.wikipedia.org/wiki/Halliburton,Oil & Gas Equipment & Services,"Houston, Texas",1957-03-04,Fossil fuel,23.02,2.662,48000,,Jeff Miller,Erle P. Halliburton,1919
Hartford (The),https://en.wikipedia.org/wiki/The_Hartford,Property & Casualty Insurance,"Hartford, Connecticut",1957-03-04,"Insurance, Mutual funds",24.5,2.5,18700,,,,1810
Hasbro,https://en.wikipedia.org/wiki/Hasbro,Leisure Products,"Pawtucket, Rhode Island",1984-09-30,Toysandentertainment,5.86,0.2035,56003,,Chris Cocks,"Henry Hassenfeld, Hillel Hassenfeld, Herman Hassenfeld",1923
HCA Healthcare,https://en.wikipedia.org/wiki/HCA_Healthcare,Health Care Facilities,"Nashville, Tennessee",2015-01-27,Health care,60.23,3.759,309000,,Sam Hazen,"Thomas F. Frist Sr.,Thomas F. Frist Jr.,Jack C. Massey",1968
Healthpeak Properties,https://en.wikipedia.org/wiki/Healthpeak_Properties,Health Care REITs,"Denver, Colorado",2008-03-31,Real estate investment trust,1.896,0.502,193,,Scott M. Brinker,,1985
Henry Schein,https://en.wikipedia.org/wiki/Henry_Schein,Health Care Distributors,"Melville, New York",2015-03-17,Health care supplies and services,12.3,0.416,25000,,Stanley M. Bergman,Henry Schein,1932
Hershey Company (The),https://en.wikipedia.org/wiki/The_Hershey_Company,Packaged Foods & Meats,"Hershey, Pennsylvania",1957-03-04,Food processing,8.97,1.48,16620,,Michele Buck,Milton S. Hershey,1894
Hess Corporation,https://en.wikipedia.org/wiki/Hess_Corporation,Integrated Oil & Gas,"New York City, New York",1984-05-31,Oil and gas,11.3,2.09,16231,,John B. Hess,Leon Hess,1919
Hewlett Packard Enterprise,https://en.wikipedia.org/wiki/Hewlett_Packard_Enterprise,"Technology Hardware, Storage & Peripherals","Houston, Texas",2015-11-02,Information technology,29.1,2.03,62000,,,,1939
Hilton Worldwide,https://en.wikipedia.org/wiki/Hilton_Worldwide,"Hotels, Resorts & Cruise Lines","Tysons Corner, Virginia",2017-06-19,Hospitality,11.2,1.15,178000,,Christopher J. Nassetta ​,Conrad Hilton,1919
Hologic,https://en.wikipedia.org/wiki/Hologic,Health Care Equipment,"Marlborough, Massachusetts",2016-03-30,Medical Technology,4.86,1.3,6944,,Stephen P. MacMillan,,1985
Home Depot (The),https://en.wikipedia.org/wiki/Home_Depot,Home Improvement Retail,"Atlanta, Georgia",1988-03-31,Retail(home improvement),152.7,15.14,463100,,Ted Decker,"Bernard Marcus, Arthur Blank, Ron Brill, Pat Farrah, Ken Langone",1978
Honeywell,https://en.wikipedia.org/wiki/Honeywell,Industrial Conglomerates,"Charlotte, North Carolina",1957-03-04,Conglomerate,36.66,5.672,95000,,Vimal Kapur,Mark C. Honeywell(for the Honeywell Inc. line),1906
Hormel Foods,https://en.wikipedia.org/wiki/Hormel_Foods,Packaged Foods & Meats,"Austin, Minnesota",2009-03-04,Food processing,9.497,"999,987,000 United States dollar (2022)",20000,,James Snee,George A. Hormel,1891
Host Hotels & Resorts,https://en.wikipedia.org/wiki/Host_Hotels_%26_Resorts,Hotel & Resort REITs,"Bethesda, Maryland",2007-03-20,Real estate investment trust,5.311,0.752,163,,Richard E. Marriott,,1993
Howmet Aerospace,https://en.wikipedia.org/wiki/Howmet_Aerospace,Aerospace & Defense,"Pittsburgh, Pennsylvania",2016-10-21,Aerospace,6.64,0.765,23200,,"John C. Plant ,",,1888
HP Inc.,https://en.wikipedia.org/wiki/HP_Inc.,"Technology Hardware, Storage & Peripherals","Palo Alto, California",1974-12-31,Information technology,53.72,3.263,58000,,Enrique Lores,Bill HewlettDavid Packard(in 1939),1939
Hubbell Incorporated,https://en.wikipedia.org/wiki/Hubbell_Incorporated,Industrial Machinery & Supplies & Components,"Shelton, Connecticut",2023-10-18,"Electronics, Public utility",5.37,0.76,18317,,,Harvey Hubbell,1888
Humana,https://en.wikipedia.org/wiki/Humana,Managed Health Care,"Louisville, Kentucky",2012-12-10,Managed health care,106.4,2.48,67600,,Bruce D. Broussard,Wendell Cherry,1961
Huntington Bancshares,https://en.wikipedia.org/wiki/Huntington_Bancshares,Regional Banks,"Columbus, Ohio; Detroit, Michigan",1997-08-28,Banking,,1.817,19955,,Stephen D. Steinour,P.W. Huntington,1866
Huntington Ingalls Industries,https://en.wikipedia.org/wiki/Huntington_Ingalls_Industries,Aerospace & Defense,"Newport News, Virginia",2018-01-03,"Defense, Shipbuilding, Defense technologies",10.8,0.568,43000,,Kirkland H. Donald,Named afterCollis Potter HuntingtonandRobert Ingersoll Ingalls Sr.,2011
IBM,https://en.wikipedia.org/wiki/IBM,IT Consulting & Other Services,"Armonk, New York",1957-03-04,Information technology,61.86,7.502,282200,,Arvind Krishna,George Winthrop FairchildCharles Ranlett FlintHerman Hollerith,1911
IDEX Corporation,https://en.wikipedia.org/wiki/IDEX_Corporation,Industrial Machinery & Supplies & Components,"Lake Forest, Illinois",2019-08-09,Manufacturing,3.18,0.587,8868,,,,1988
Idexx Laboratories,https://en.wikipedia.org/wiki/Idexx_Laboratories,Health Care Equipment,"Westbrook, Maine",2017-01-05,Healthcare,3.66,0.845,11000,,Jay Mazelsky,David Evans Shaw,1983
Illinois Tool Works,https://en.wikipedia.org/wiki/Illinois_Tool_Works,Industrial Machinery & Supplies & Components,"Glenview, Illinois",1986-02-28,Manufacturing,US$14.1B(2019)[1],,45000,,Christopher A. O'Herlihy,Byron L. Smith,1912
Incyte,https://en.wikipedia.org/wiki/Incyte,Biotechnology,"Wilmington, Delaware",2017-02-28,pharmaceuticals,3.69,0.598,2524,,Hervé Hoppenot,,2002
Ingersoll Rand,https://en.wikipedia.org/wiki/Ingersoll_Rand,Industrial Machinery & Supplies & Components,"Davidson, North Carolina",2020-03-03,Diversified Machinery,6.88,0.785,18000,,Vicente Reynal,"Simon Ingersoll, Addison Rand, Jasper Rand, Jr., Robert Gardner",1859
Insulet Corporation,https://en.wikipedia.org/w/index.php?title=Insulet_Corporation&action=edit&redlink=1,Health Care Equipment,"Acton, Massachusetts",2023-03-15,,,,,,,,
Intel,https://en.wikipedia.org/wiki/Intel,Semiconductors,"Santa Clara, California",1976-12-31,"Semiconductors, Computer hardware, Autonomous cars, Automation, Artificial intelligence",54.23,1.66,124800,,Frank D. Yeary,"Gordon Moore, Robert Noyce, Arthur Rock",1968
Intercontinental Exchange,https://en.wikipedia.org/wiki/Intercontinental_Exchange,Financial Exchanges & Data,"Atlanta, Georgia",2007-09-26,"Business services, Financial services, Financial markets, Technology",9.903,2.438,13222,,Jeffrey Sprecher,Jeffrey Sprecher,2000
International Flavors & Fragrances,https://en.wikipedia.org/wiki/International_Flavors_%26_Fragrances,Specialty Chemicals,"New York City, New York",1976-03-31,"Specialty chemicals, Research and development",11.48,2.57,21500,,Erik Fyrwald,,1889
International Paper,https://en.wikipedia.org/wiki/International_Paper,Paper & Plastic Packaging Products & Materials,"Memphis, Tennessee",1957-03-04,Pulp and paper,18.9,0.288,39000,,Andrew Silvernail,"Hugh J. Chisholm, William A. Russell",1898
Interpublic Group of Companies (The),https://en.wikipedia.org/wiki/The_Interpublic_Group_of_Companies,Advertising,"New York City, New York",1992-10-01,Advertising agency,10.9,1.12,574002,,Philippe Krakowsky,,1930
Intuit,https://en.wikipedia.org/wiki/Intuit,Application Software,"Mountain View, California",2000-12-05,Enterprise software,16.29,2.963,18800,,Sasan Goodarzi,"Scott Cook, Tom Proulx",1983
Intuitive Surgical,https://en.wikipedia.org/wiki/Intuitive_Surgical,Health Care Equipment,"Sunnyvale, California",2008-06-02,Medical Appliances & Equipment,7.12,1.82,13676,,Gary S. Guthart,,1995
Invesco,https://en.wikipedia.org/wiki/Invesco,Asset Management & Custody Banks,"Atlanta, Georgia",2008-08-21,Financial services,5.72,0.334,8489,,Andrew Schlossberg,Charles W. Brady,1978
Invitation Homes,https://en.wikipedia.org/wiki/Invitation_Homes,Single-Family Residential REITs,"Dallas, Texas",2022-09-19,Real estate investment trust,1.997,0.26139999999999997,1240,,Dallas B. Tanner,"Dallas B. Tanner, Brad Greiwe",2012
IQVIA,https://en.wikipedia.org/wiki/IQVIA,Life Sciences Tools & Services,"Durham, North Carolina",2017-08-29,"Contract Research OrganizationPharmaceuticalService,AI,IT,Consulting",15.4,1.096,860004,,Ari Bousbib,Dennis Gillings,1982
Iron Mountain,https://en.wikipedia.org/wiki/Iron_Mountain_(company),Other Specialized REITs,"Boston, Massachusetts",2009-01-06,Information storageEnterprise information management,4.492,0.343096,240003,,,,1951
J.B. Hunt,https://en.wikipedia.org/wiki/J.B._Hunt,Cargo Ground Transportation,"Lowell, Arkansas",2015-07-01,,12.83,0.728,34718,,"John N. Roberts, III",Johnelle HuntJohnnie Bryan Hunt,1961
Jabil,https://en.wikipedia.org/wiki/Jabil,Electronic Manufacturing Services,"St. Petersburg, Florida",2023-12-18,Electronics Manufacturing Services,34.7,0.818,236000,,Mark Mondello,"William E. Morean, James Golden",1966
Jack Henry & Associates,https://en.wikipedia.org/wiki/Jack_Henry_%26_Associates,Transaction & Payment Processing Services,"Monett, Missouri",2018-11-13,,1.94,0.362,6847,,,,1976
Jacobs Solutions,https://en.wikipedia.org/wiki/Jacobs_Solutions,Construction & Engineering,"Dallas, Texas",2007-10-26,"Engineering, Architecture, Construction",16.3,0.666,60000,,Bob Pragada,Joseph J. Jacobs,1947
Johnson & Johnson,https://en.wikipedia.org/wiki/Johnson_%26_Johnson,Pharmaceuticals,"New Brunswick, New Jersey",1973-06-30,"Pharmaceutical, Medical Technology",85.16,35.15,134400,,Joaquin Duato,"Robert Wood Johnson I, James Wood Johnson, Edward Mead Johnson",1886
Johnson Controls,https://en.wikipedia.org/wiki/Johnson_Controls,Building Products,"Cork, Ireland",2010-08-27,Conglomerate,26.8,1.85,100000,,George Oliver,Warren S. Johnson,1885
JPMorgan Chase,https://en.wikipedia.org/wiki/JPMorgan_Chase,Diversified Banks,"New York City, New York",1975-06-30,Financial services,158.1,49.55,309926,,Jamie Dimon,,2000
Juniper Networks,https://en.wikipedia.org/wiki/Juniper_Networks,Communications Equipment,"Sunnyvale, California",2006-06-02,Networking hardware,5.56,0.31,11144,,Rami Rahim,Pradeep Sindhu,1996
Kellanova,https://en.wikipedia.org/wiki/Kellanova,Packaged Foods & Meats,"Chicago, Illinois",1989-09-11,Food processing,13.1,0.951,23000,,Steven Cahillane,Will Keith Kellogg,1906
Kenvue,https://en.wikipedia.org/wiki/Kenvue,Personal Care Products,"Skillman, New Jersey",2023-08-25,Consumer products,15.44,1.664,22000,,Thibaut Mongon,,2022
Keurig Dr Pepper,https://en.wikipedia.org/wiki/Keurig_Dr_Pepper,Soft Drinks & Non-alcoholic Beverages,"Burlington, Massachusetts",2022-06-21,"Beverage, Appliance manufacturing",11.618,,27500,,Tim Cofer,Robert Stiller,1981
KeyCorp,https://en.wikipedia.org/wiki/KeyCorp,Regional Banks,"Cleveland, Ohio",1994-03-01,"Banking, Investment banking, Financial services",10.4,0.967,17333,,Chris Gorman,,1994
Keysight Technologies,https://en.wikipedia.org/wiki/Keysight_Technologies,Electronic Equipment & Instruments,"Santa Rosa, California",2018-11-06,Electronics,5.46,1.06,14900,,Ron Nersesian,,2014
Kimberly-Clark,https://en.wikipedia.org/wiki/Kimberly-Clark,Household Products,"Irving, Texas",1957-03-04,Consumer goodsManufacturingPersonal care,20.43,1.764,41000,,Michael D. Hsu,"John A. Kimberly, Havilah Babcock, Charles B. Clark, Franklyn C. Shattuck",1872
Kimco Realty,https://en.wikipedia.org/wiki/Kimco_Realty,Retail REITs,"Jericho, New York",2006-04-04,Real estate investment trust,1.044,0.975,484,,,Milton CooperMartin Kimmel,1958
Kinder Morgan,https://en.wikipedia.org/wiki/Kinder_Morgan,Oil & Gas Storage & Transportation,"Houston, Texas",2012-05-25,Oil and gas,16.61,1.78,10529,,,"Richard D. Kinder, William V. Morgan",1997
KKR,https://en.wikipedia.org/wiki/Kohlberg_Kravis_Roberts,Asset Management & Custody Banks,"New York City, New York",2024-06-24,Financial services:Private equity(1976–present)Investment banking(2004–present),14.5,5.357,4490,,Henry R. Kravis,"Henry Kravis, George R. Roberts, Jerome Kohlberg Jr.",1976
KLA Corporation,https://en.wikipedia.org/wiki/KLA_Corporation,Semiconductor Materials & Equipment,"Milpitas, California",1997-09-30,Semiconductors,9.81,2.76,15000,,Richard P. Wallace,,1997
Kraft Heinz,https://en.wikipedia.org/wiki/Kraft_Heinz,Packaged Foods & Meats,"Chicago, Illinois; Pittsburgh, Pennsylvania",2015-07-06,Food,26.64,2.846,36000,,Carlos Abrams-Rivera,,2015
Kroger,https://en.wikipedia.org/wiki/Kroger,Food Retail,"Cincinnati, Ohio",1957-03-04,Retail,150.0,2.307,414000,,Rodney McMullen,Bernard Kroger,1883
L3Harris,https://en.wikipedia.org/wiki/L3Harris,Aerospace & Defense,"Melbourne, Florida",2008-09-22,Aerospaceanddefense,19.4,1.2,50000,,Chris Kubasik,,2019
LabCorp,https://en.wikipedia.org/wiki/LabCorp,Health Care Services,"Burlington, North Carolina",2004-11-01,Health care,12.2,0.418,67000,,Adam H. Schechter,Matthew Benger,1978
Lam Research,https://en.wikipedia.org/wiki/Lam_Research,Semiconductor Materials & Equipment,"Fremont, California",2012-06-29,Semiconductors,14.9,3.83,17450,,Tim Archer,David K. Lam,1980
Lamb Weston,https://en.wikipedia.org/wiki/Lamb_Weston,Packaged Foods & Meats,"Eagle, Idaho",2018-12-03,Food processing,6.47,0.726,10700,,,,1950
Las Vegas Sands,https://en.wikipedia.org/wiki/Las_Vegas_Sands,Casinos & Gaming,"Las Vegas, Nevada",2019-10-03,"Hospitality, Tourism",10.4,1.43,38700,,Robert G. Goldstein,Sheldon G. Adelson,1988
Leidos,https://en.wikipedia.org/wiki/Leidos,Diversified Support Services,"Reston, Virginia",2019-08-09,"National security,defense,healthcare,engineering",15.4,0.208,47000,,Thomas Bell,"J. Robert ""Bob"" Beyster",1969
Lennar,https://en.wikipedia.org/wiki/Lennar,Homebuilding,"Miami, Florida",2005-10-04,Home construction,34.23,3.938,12284,,Stuart Miller,"Leonard Miller, Arnold Rosen",1954
Lilly (Eli),https://en.wikipedia.org/wiki/Eli_Lilly_and_Company,Pharmaceuticals,"Indianapolis, Indiana",1970-12-31,Pharmaceutical,34.12,5.24,43000,,David A. Ricks,Eli Lilly,1876
Linde plc,https://en.wikipedia.org/wiki/Linde_plc,Industrial Gases,"Guildford, United Kingdom",1992-07-01,Chemical industry,32.85,6.199,66323,,Sanjiv Lamba,Carl von Linde,1879
Live Nation Entertainment,https://en.wikipedia.org/wiki/Live_Nation_Entertainment,Movies & Entertainment,"Beverly Hills, California",2019-12-23,Entertainment,22.7,0.734,14700,,Michael Rapino,,2010
LKQ Corporation,https://en.wikipedia.org/wiki/LKQ_Corporation,Distributors,"Chicago, Illinois",2016-05-23,Auto parts,0.013866,,44000,,Justin Jude,Donald F. Flynn,1998
Lockheed Martin,https://en.wikipedia.org/wiki/Lockheed_Martin,Aerospace & Defense,"Bethesda, Maryland",1957-03-04,"Aerospace,Defense",67.6,6.92,122000,,James D. Taiclet,,1995
Loews Corporation,https://en.wikipedia.org/wiki/Loews_Corporation,Multi-line Insurance,"New York City, New York",1995-05-31,,15.9,1.43,12280,,James Tisch,,
Lowe's,https://en.wikipedia.org/wiki/Lowe%27s,Home Improvement Retail,"Mooresville, North Carolina",1984-02-29,Retail(home improvement),86.38,7.726,2840002,,Marvin R. Ellison,Lucius Smith Lowe,1921
Lululemon Athletica,https://en.wikipedia.org/wiki/Lululemon_Athletica,"Apparel, Accessories & Luxury Goods","Vancouver, Canada",2023-10-18,ClothingRetail,9.62,1.55,38000,,Calvin McDonald,Chip Wilson,1998
LyondellBasell,https://en.wikipedia.org/wiki/LyondellBasell,Specialty Chemicals,"Rotterdam, Netherlands",2012-09-05,Chemicals,41.1,2.12,20000,,Peter Vanacker,,2007
M&T Bank,https://en.wikipedia.org/wiki/M%26T_Bank,Regional Banks,"Buffalo, New York",2004-02-23,"Banking, Financial services",9.4,2.47,17569,,René F. Jones,,1856
Marathon Oil,https://en.wikipedia.org/wiki/Marathon_Oil,Oil & Gas Exploration & Production,"Houston, Texas",1957-03-04,Petroleum,3.086,1.451,1672,,Lee M. Tillman,,1887
Marathon Petroleum,https://en.wikipedia.org/wiki/Marathon_Petroleum,Oil & Gas Refining & Marketing,"Findlay, Ohio",2011-07-01,Petroleum,177.41,14.51,43800,,Michael J. Hennigan,,2009
MarketAxess,https://en.wikipedia.org/wiki/MarketAxess,Financial Exchanges & Data,"New York City, New York",2019-07-01,Financial Services,0.753,0.258,881,,Chris Concannon,Richard McVey,2000
Marriott International,https://en.wikipedia.org/wiki/Marriott_International,"Hotels, Resorts & Cruise Lines","Bethesda, Maryland",1998-05-29,Hospitality,23.7,3.08,411000,,Anthony Capuano,"J. Willard Marriott, Alice Marriott",1927
Marsh McLennan,https://en.wikipedia.org/wiki/Marsh_McLennan,Insurance Brokers,"New York City, New York",1987-08-31,"Insurance brokers, Professional services",22.74,3.756,85000,,H. Edward Hanway,,1905
Martin Marietta Materials,https://en.wikipedia.org/wiki/Martin_Marietta_Materials,Construction Materials,"Raleigh, North Carolina",2014-07-02,Construction Materials,4.7,0.721,8714,,C. Nye,,1993
Masco,https://en.wikipedia.org/wiki/Masco,Building Products,"Livonia, Michigan",1981-06-30,,7.97,0.96,18000,,Richard Manoogian,Alex Manoogian,1929
Mastercard,https://en.wikipedia.org/wiki/Mastercard,Transaction & Payment Processing Services,"Harrison, New York",2008-07-18,Financial services,25.1,11.19,33400,,Michael Miebach,,1966
Match Group,https://en.wikipedia.org/wiki/Match_Group,Interactive Media & Services,"Dallas, Texas",2021-09-20,Online dating,3.36,0.651,2600,,Thomas J. McInerney,,2009
McCormick & Company,https://en.wikipedia.org/wiki/McCormick_%26_Company,Packaged Foods & Meats,"Hunt Valley, Maryland",2003-03-20,Processed & Packaged goods,6.317,0.755,140004,,,Willoughby McCormick,1889
McDonald's,https://en.wikipedia.org/wiki/McDonald%27s,Restaurants,"Chicago, Illinois",1970-06-30,"Fast food restaurants, real estate",25.49,8.469,150000,,Chris Kempczinski,Richard & Maurice McDonald(original restaurant chain)Ray Kroc(McDonald's Corporation),1940
McKesson Corporation,https://en.wikipedia.org/wiki/McKesson_Corporation,Health Care Distributors,"Irving, Texas",1999-01-13,Healthcare,308.9,3.002,51000,,Brian S. Tyler,"John McKesson, Charles M. Olcott",1833
Medtronic,https://en.wikipedia.org/wiki/Medtronic,Health Care Equipment,"Dublin, Ireland",1986-10-31,Medical equipment,32.36,3.676,95000,,Geoff Martha,,1949
Merck & Co.,https://en.wikipedia.org/wiki/Merck_%26_Co.,Pharmaceuticals,"Kenilworth, New Jersey",1957-03-04,Pharmaceutical industry,60.12,0.365,72000,,Robert M. Davis,"Theodore Weicker, George Merck",1891
Meta Platforms,https://en.wikipedia.org/wiki/Meta_Platforms,Interactive Media & Services,"Menlo Park, California",2013-12-23,"Social media, Social network advertising, Consumer electronics, Virtual reality",134.9,39.1,70799,,Mark Zuckerberg,"Mark Zuckerberg, Eduardo Saverin, Andrew McCollum, Dustin Moskovitz, Chris Hughes",2004
MetLife,https://en.wikipedia.org/wiki/MetLife,Life & Health Insurance,"New York City, New York",2000-12-11,Financial services,66.91,1.578,45000,,Michel A. Khalaf,,1868
Mettler Toledo,https://en.wikipedia.org/wiki/Mettler_Toledo,Life Sciences Tools & Services,"Columbus, Ohio",2016-09-06,Scientific instruments,3.788,0.789,17300,,Patrick Kaltenbach,Erhard Mettler (Mettler Instruments AG) and Henry Theobald (Toledo Scale Company),1945
MGM Resorts,https://en.wikipedia.org/wiki/MGM_Resorts,Casinos & Gaming,"Paradise, Nevada",2017-07-26,,12.899,"1,473,093,000 United States dollar (2022)",74500,,Bill Hornbuckle,Kirk Kerkorian,1986
Microchip Technology,https://en.wikipedia.org/wiki/Microchip_Technology,Semiconductors,"Chandler, Arizona",2007-09-07,Semiconductors,7.634,1.907,22300,,Ganesh Moorthy,,1989
Micron Technology,https://en.wikipedia.org/wiki/Micron_Technology,Semiconductors,"Boise, Idaho",1994-09-27,Semiconductors,25.11,0.778,48000,,Sanjay Mehrotra,"Ward Parkinson, Joe Parkinson, Dennis Wilson, Doug Pitman",1978
Microsoft,https://en.wikipedia.org/wiki/Microsoft,Systems Software,"Redmond, Washington",1994-06-01,Information technology,245.1,88.1,228000,,Satya Nadella,"Bill Gates, Paul Allen",1975
Mid-America Apartment Communities,https://en.wikipedia.org/wiki/Mid-America_Apartment_Communities,Multi-Family Residential REITs,"Memphis, Tennessee",2016-12-02,Real estate investment trust,1.677,0.254,2530,,,George E. Cates,1977
Moderna,https://en.wikipedia.org/wiki/Moderna,Biotechnology,"Cambridge, Massachusetts",2021-07-21,Biotechnology,6.848,4.71,5600,,Stéphane Bancel,"Derrick Rossi, Timothy A. Springer, Robert S. Langer, Kenneth R. Chien, Noubar Afeyan",2010
Mohawk Industries,https://en.wikipedia.org/wiki/Mohawk_Industries,Home Furnishings,"Calhoun, Georgia",2013-12-23,Flooring Manufacturing,10.0,1.4,42100,,Jeffrey Lorberbaum,,1878
Molina Healthcare,https://en.wikipedia.org/wiki/Molina_Healthcare,Managed Health Care,"Long Beach, California",2022-03-02,Healthcare,34.1,1.09,18000,,Joseph M. Zubretsky,Dr. C. David Molina,1980
Molson Coors Beverage Company,https://en.wikipedia.org/wiki/Molson_Coors_Beverage_Company,Brewers,"Chicago, Illinois",1976-06-30,Drink industry,13.8,0.956,17700,,"Gavin Hattersley,",,1786
Mondelez International,https://en.wikipedia.org/wiki/Mondelez_International,Packaged Foods & Meats,"Chicago, Illinois",2012-10-02,"Food, Beverage",36.02,4.968,91000,,Dirk Van de Put,"Thomas H. McInnerney, Edward E. Rieck",1923
Monolithic Power Systems,https://en.wikipedia.org/wiki/Monolithic_Power_Systems,Semiconductors,"Kirkland, Washington",2021-02-12,Power semiconductor,1.82,0.427,3564,,Michael R. Hsing,Michael R. Hsing,1997
Monster Beverage,https://en.wikipedia.org/wiki/Monster_Beverage,Soft Drinks & Non-alcoholic Beverages,"Corona, California",2012-06-28,,7.14,1.63,5254,,Rodney Sacks,Hubert Hansen,1935
Moody's Corporation,https://en.wikipedia.org/wiki/Moody%27s_Corporation,Financial Exchanges & Data,"New York City, New York",1998-07-01,Business and financial services,5.92,1.61,15151,,Rob Fauber,John Moody,1909
Morgan Stanley,https://en.wikipedia.org/wiki/Morgan_Stanley,Investment Banking & Brokerage,"New York City, New York",1993-07-29,Financial services,54.1,9.1,80006,,Ted Pick,"Henry Sturgis Morgan, Harold Stanley, William Ewing, Perry E. Hall, Edward H. York, John M. Young, Dean G. Witter, Richard S. Reynolds, Jr.",1935
Mosaic Company (The),https://en.wikipedia.org/wiki/The_Mosaic_Company,Fertilizers & Agricultural Chemicals,"Tampa, Florida",2011-09-26,"Agriculture, Fertilizer",13.69,1.165,14049,,Bruce Bodine,,2004
Motorola Solutions,https://en.wikipedia.org/wiki/Motorola_Solutions,Communications Equipment,"Chicago, Illinois",1957-03-04,Telecommunications equipment,9.98,1.71,20000,,Greg Brown,,1928
MSCI,https://en.wikipedia.org/wiki/MSCI,Financial Exchanges & Data,"New York City, New York",2018-04-04,,2.53,1.15,5794,,Henry A. Fernandez,,1968
"Nasdaq, Inc.","https://en.wikipedia.org/wiki/Nasdaq,_Inc.",Financial Exchanges & Data,"New York City, New York",2008-10-22,Financial services,6.06,1.06,8525,,Adena Friedman,,1971
NetApp,https://en.wikipedia.org/wiki/NetApp,"Technology Hardware, Storage & Peripherals","San Jose, California",1999-06-25,"Cloud computing, Storage device",6.27,0.986,11800,,George Kurian,"David Hitz, James Lau, Michael Malcolm",1992
Netflix,"https://en.wikipedia.org/wiki/Netflix,_Inc.",Movies & Entertainment,"Los Gatos, California",2010-12-20,"Media, Entertainment",33.7,5.41,13000,,Ted Sarandos,"Reed Hastings, Marc Randolph",1997
Newmont,https://en.wikipedia.org/wiki/Newmont,Gold,"Denver, Colorado",1969-06-30,MetalsandMining,11.8,2.5,21700,,Thomas R. Palmer,William Boyce Thompson,1921
News Corp (Class A),https://en.wikipedia.org/wiki/News_Corp,Publishing,"New York City, New York",2013-08-01,Media,10.1,0.266,23900,,Robert James Thomson,Rupert Murdoch,2013
News Corp (Class B),https://en.wikipedia.org/wiki/News_Corp,Publishing,"New York City, New York",2015-09-18,Media,10.1,0.266,23900,,Robert James Thomson,Rupert Murdoch,2013
NextEra Energy,https://en.wikipedia.org/wiki/NextEra_Energy,Multi-Utilities,"Juno Beach, Florida",1976-06-30,"Electric power industry, Energy development, Renewable energy",28.11,6.282,16800,,John W. Ketchum,,1984
"Nike, Inc.","https://en.wikipedia.org/wiki/Nike,_Inc.","Apparel, Accessories & Luxury Goods","Washington County, Oregon",1988-11-30,"Apparel, Accessories, Sports equipment",51.36,5.7,79400,,Elliott Hill,"Bill Bowerman, Phil Knight",1964
NiSource,https://en.wikipedia.org/wiki/NiSource,Multi-Utilities,"Merrillville, Indiana",2000-11-02,Public utility,5.51,0.662,7364,,Lloyd Yates,,1912
Nordson Corporation,https://en.wikipedia.org/wiki/Nordson_Corporation,Industrial Machinery & Supplies & Components,"Westlake, Ohio",2022-02-15,,2.121,,6813,,Sundaram Nagarajan,Walter G. Nord,1954
Norfolk Southern Railway,https://en.wikipedia.org/wiki/Norfolk_Southern_Railway,Rail Transportation,"Atlanta, Georgia",1957-03-04,,,,,,,,
Northern Trust,https://en.wikipedia.org/wiki/Northern_Trust,Asset Management & Custody Banks,"Chicago, Illinois",1998-01-30,Financial services,6.59,1.46,35000,,Michael G. O'Grady,Byron Laflin Smith,1889
Northrop Grumman,https://en.wikipedia.org/wiki/Northrop_Grumman,Aerospace & Defense,"West Falls Church, Virginia",1957-03-04,"Aerospace,defense",39.3,2.06,101000,,Kathy J. Warden,,1994
Norwegian Cruise Line Holdings,https://en.wikipedia.org/wiki/Norwegian_Cruise_Line_Holdings,"Hotels, Resorts & Cruise Lines","Miami, Florida",2017-10-13,Tourism,8.549,0.16616999999999998,41000,,Harry Sommer,,2011
NRG Energy,https://en.wikipedia.org/wiki/NRG_Energy,Independent Power Producers & Energy Traders,"Houston, Texas",2010-01-29,Electric utilities,28.82,0.202,18131,,Larry Coben,Seth Allen,1989
Nucor,https://en.wikipedia.org/wiki/Nucor,Steel,"Charlotte, North Carolina",1985-04-30,Steel,34.71,4.525,32000,,Leon Topalian,,1955
Nvidia,https://en.wikipedia.org/wiki/Nvidia,Semiconductors,"Santa Clara, California",2001-11-30,"Computer hardware, Computer software, Cloud computing, Semiconductors, Artificial intelligence, GPUs, Graphics cards, Consumer electronics, Video games",60.92,29.76,29600,,Jensen Huang,"Jensen Huang, Chris Malachowsky, Curtis Priem",1993
"NVR, Inc.","https://en.wikipedia.org/wiki/NVR,_Inc.",Homebuilding,"Reston, Virginia",2019-09-26,Home construction,"10,526,434,000 United States dollar (2022)",1.24,6600,,,Dwight Schar,1980
NXP Semiconductors,https://en.wikipedia.org/wiki/NXP_Semiconductors,Semiconductors,"Eindhoven, Netherlands",2021-03-22,Semiconductors,13.3,2.82,34200,,Kurt Sievers,,2006
O'Reilly Auto Parts,https://en.wikipedia.org/wiki/O%27Reilly_Auto_Parts,Automotive Retail,"Springfield, Missouri",2009-03-27,Retail,15.81,2.346,90302,,Brad Beckham,"Charles F. O'Reilly, Charles H. O'Reilly",1957
Occidental Petroleum,https://en.wikipedia.org/wiki/Occidental_Petroleum,Oil & Gas Exploration & Production,"Houston, Texas",1957-03-04,Energy industry,26.314,2.332,11678,,,,1920
Old Dominion,https://en.wikipedia.org/wiki/Old_Dominion_Freight_Line,Cargo Ground Transportation,"Thomasville, North Carolina",2019-12-09,Transportation,5.87,1.24,22902,,"Kevin ""Marty"" Freeman","Earl Congdon Sr., Lillian Congdon",1934
Omnicom Group,https://en.wikipedia.org/wiki/Omnicom_Group,Advertising,"New York City, New York",1997-12-31,"Advertising, public relations",14.69,1.473,75900,,John D. Wren,"Allen Rosenshine, Mary C. ChoksiKeith Reinhard, John Bernbach",1986
ON Semiconductor,https://en.wikipedia.org/wiki/ON_Semiconductor,Semiconductors,"Phoenix, Arizona",2022-06-21,Semiconductors,8.25,2.19,30000,,Alan Campbell,,1999
ONEOK,https://en.wikipedia.org/wiki/Oneok,Oil & Gas Storage & Transportation,"Tulsa, Oklahoma",2010-03-15,Natural gas utility,17.7,2.66,4775,,Pierce Norton,"Ryan C. Haynes, C.B. Ames",1906
Oracle Corporation,https://en.wikipedia.org/wiki/Oracle_Corporation,Application Software,"Austin, Texas",1989-08-31,"Enterprise software, Business software, Cloud computing, Computer hardware, Consulting",52.96,10.47,159000,,Safra Catz,"Larry Ellison, Bob Miner, Ed Oates",1977
Otis Worldwide,https://en.wikipedia.org/wiki/Otis_Worldwide,Industrial Machinery & Supplies & Components,"Farmington, Connecticut",2020-04-03,Transport systems,14.21,1.406,71000,,Judy Marks,Elisha Otis(original Otis Elevator Company),1853
Paccar,https://en.wikipedia.org/wiki/Paccar,Construction Machinery & Heavy Transportation Equipment,"Bellevue, Washington",1980-12-31,"Heavy equipment, Automotive, Engines, Powertrain, Truck components, Financial services, Information technology",33.32,4.601,32400,,Preston Feight,William Pigott,1905
Packaging Corporation of America,https://en.wikipedia.org/wiki/Packaging_Corporation_of_America,Paper & Plastic Packaging Products & Materials,"Lake Forest, Illinois",2017-07-26,Packaging and containers,,,155001,,Mark W. Kowlzan,,1959
Palantir Technologies,https://en.wikipedia.org/wiki/Palantir_Technologies,Internet Services & Infrastructure,"Denver, Colorado",2024-09-23,Software,2.23,0.217,3735,,Alex Karp,"Peter Thiel, Stephen Cohen, Alex Karp, Joe Lonsdale",2003
Palo Alto Networks,https://en.wikipedia.org/wiki/Palo_Alto_Networks,Systems Software,"Santa Clara, California",2023-06-20,Network securityCybersecurityCloud computing,8.03,2.58,15289,,Nikesh Arora,Nir Zuk,2005
Paramount Global,https://en.wikipedia.org/wiki/Paramount_Global,Movies & Entertainment,"New York City, New York",1994-09-30,"Media, Entertainment",90.65,0.608,21900,,,,2019
Parker Hannifin,https://en.wikipedia.org/wiki/Parker_Hannifin,Industrial Machinery & Supplies & Components,"Cleveland, Ohio",1985-11-30,Manufacturing,19.9,2.84,61120,,Jennifer A. Parmentier,Arthur L. Parker,1917
Paychex,https://en.wikipedia.org/wiki/Paychex,Human Resource & Employment Services,"Penfield, New York",1998-10-01,"Business process outsourcing, Human capital management",5.278,1.69,16500,,John Gibson,B. Thomas Golisano,1971
Paycom,https://en.wikipedia.org/wiki/Paycom,Human Resource & Employment Services,"Oklahoma City, Oklahoma",2020-01-28,SoftwareSaaSHCM,1.66,0.341,7300,,Chad Richison,Chad Richison,1998
PayPal,https://en.wikipedia.org/wiki/PayPal,Transaction & Payment Processing Services,"San Jose, California",2015-07-20,Financial technology,29.77,4.246,27200,,Alex Chriss,"Ken Howery, Max Levchin, Luke Nosek, Yu Pan, Peter Thiel, Elon Musk, Harris Fricker, Christopher Payne, Ed Ho",1998
Pentair,https://en.wikipedia.org/wiki/Pentair,Industrial Machinery & Supplies & Components,"Worsley, United Kingdom",2012-10-01,Water & Fluid SolutionsValves & ControlsTechnical SolutionsWater Treatment Solutions,3.8,,11250,,John L. Stauch,,1966
PepsiCo,https://en.wikipedia.org/wiki/PepsiCo,Soft Drinks & Non-alcoholic Beverages,"Purchase, New York",1957-03-04,"Beverages, Food processing",91.47,9.16,318000,,Ramon Laguarta,Caleb Bradham(for the Pepsi-Cola Company branch),1898
Pfizer,https://en.wikipedia.org/wiki/Pfizer,Pharmaceuticals,"New York City, New York",1957-03-04,"Pharmaceutical, Biotechnology",58.5,2.12,88000,,Albert Bourla,"Charles Pfizer, Charles F. Erhart",1849
PG&E Corporation,https://en.wikipedia.org/wiki/PG%26E,Multi-Utilities,"Oakland, California",2022-10-03,"Electricity, Natural gas",24.43,2.24,28000,,Patti Poppe,,1905
Philip Morris International,https://en.wikipedia.org/wiki/Philip_Morris_International,Tobacco,"New York City, New York",2008-03-31,Tobacco,35.174,7.813,82700,,Jacek Olczak,Philip Morris,2008
Phillips 66,https://en.wikipedia.org/wiki/Phillips_66,Oil & Gas Refining & Marketing,"Houston, Texas",2012-05-01,Oil and gas,149.9,7.015,14000,,Mark Lashier,"L.E. Phillips, Frank Phillips",1927
Pinnacle West,https://en.wikipedia.org/wiki/Pinnacle_West,Multi-Utilities,"Phoenix, Arizona",1999-10-04,Electric utilities,3.565,0.508,6292,,Jeffrey B. Guldner,,1985
PNC Financial Services,https://en.wikipedia.org/wiki/PNC_Financial_Services,Diversified Banks,"Pittsburgh, Pennsylvania",1988-04-30,"Banking, Investment banking, Financial services",21.1,6.1,59426,,William S. Demchak,,1845
Pool Corporation,https://en.wikipedia.org/wiki/Pool_Corporation,Distributors,"Covington, Louisiana",2020-10-07,Swimming pools,5.541,0.523,6000,,,Frank St. Romain,1980
PPG Industries,https://en.wikipedia.org/wiki/PPG_Industries,Specialty Chemicals,"Pittsburgh, Pennsylvania",1957-03-04,Chemicals,17.652,1.026,52000,,Tim Knavish,"John Baptiste Ford, John Pitcairn Jr.",1883
PPL Corporation,https://en.wikipedia.org/wiki/PPL_Corporation,Electric Utilities,"Allentown, Pennsylvania",2001-10-01,Electric utilities,7.9,0.756,6500,,,,1920
Principal Financial Group,https://en.wikipedia.org/wiki/Principal_Financial_Group,Life & Health Insurance,"Des Moines, Iowa",2002-07-22,"Insurance, Financial Services",14.263,1.711,18600,,Daniel Houston,Edward Temple,1879
Procter & Gamble,https://en.wikipedia.org/wiki/Procter_%26_Gamble,Personal Care Products,"Cincinnati, Ohio",1957-03-04,"Consumer goods, Household products",84.04,14.88,108000,,,"William Procter, James Gamble",1837
Progressive Corporation,https://en.wikipedia.org/wiki/Progressive_Corporation,Property & Casualty Insurance,"Mayfield Village, Ohio",1997-08-04,Insurance,49.61,0.7215,55100,,Lawton W. Fitt,,1937
Prologis,https://en.wikipedia.org/wiki/Prologis,Industrial REITs,"San Francisco, California",2003-07-17,Real estate,8.02,3.05,2574,,Hamid Moghadam,"Hamid Moghadam, Doug Abbey, T. Robert Burke",1983
Prudential Financial,https://en.wikipedia.org/wiki/Prudential_Financial,Life & Health Insurance,"Newark, New Jersey",2002-07-22,Financial services,53.98,2.508,40658,,Charles Lowrey,John F. Dryden,1875
Public Service Enterprise Group,https://en.wikipedia.org/wiki/Public_Service_Enterprise_Group,Electric Utilities,"Newark, New Jersey",1957-03-04,Utilities,10.076,1.693,129452,,Ralph LaRossa,,1903
PTC Inc.,https://en.wikipedia.org/wiki/PTC_(software_company),Application Software,"Boston, Massachusetts",2021-04-20,CAD/CAM/CAE/PLMSoftware/ ALM/ SLM/IOT,2.1,0.246,7231,,Neil Barua,,1985
Public Storage,https://en.wikipedia.org/wiki/Public_Storage,Self-Storage REITs,"Glendale, California",2005-08-19,"Real estate investment trust, self storage",4.52,2.16,6200,,"Joseph D. Russell, Jr.","B. Wayne Hughes, Kenneth Volk Jr.",1972
PulteGroup,https://en.wikipedia.org/wiki/PulteGroup,Homebuilding,"Atlanta, Georgia",1984-04-30,Home construction,13.927,1.93,6182,,,Bill Pulte,1950
Qorvo,https://en.wikipedia.org/wiki/Qorvo,Semiconductors,"Greensboro, North Carolina",2015-06-11,"Wireless handsets, base station, broadband communications, military, foundry",3.77,0.07,8700,,Robert Bruggeworth,,2015
Quanta Services,https://en.wikipedia.org/wiki/Quanta_Services,Construction & Engineering,"Houston, Texas",2009-07-01,,29.94,,40000,,Earl C. Austin Jr.,,1997
Qualcomm,https://en.wikipedia.org/wiki/Qualcomm,Semiconductors,"San Diego, California",1999-07-22,Telecoms equipmentsSemiconductors,38.96,10.14,49000,,Cristiano Amon,"Irwin Jacobs, Andrew Viterbi, Franklin Antonio",1985
Quest Diagnostics,https://en.wikipedia.org/wiki/Quest_Diagnostics,Health Care Services,"Secaucus, New Jersey",2002-12-12,Health care,9.25,0.854,48000,,Jim Davis,Paul Brown,1967
Ralph Lauren Corporation,https://en.wikipedia.org/wiki/Ralph_Lauren_Corporation,"Apparel, Accessories & Luxury Goods","New York City, New York",2007-02-02,Fashion,6.63,0.646,23400,,Patrice Louvet,Ralph Lauren,1967
Raymond James Financial,https://en.wikipedia.org/wiki/Raymond_James_Financial,Investment Banking & Brokerage,"St. Petersburg, Florida",2017-03-20,Investment services,12.99,1.733,18000,,Paul Reilly,Robert James,1962
RTX Corporation,https://en.wikipedia.org/wiki/RTX_Corporation,Aerospace & Defense,"Waltham, Massachusetts",1957-03-04,"Aerospace, Defense, Information Security, Electronics",68.92,3.2,185000,,Christopher T. Calio,"Vannevar BushLaurence K. MarshallCharles G. Smith (asAmerican Appliance Company, laterRaytheonin 1922)Frederick Rentschler(asUnited Technologiesin 1934)",2020
Realty Income,https://en.wikipedia.org/wiki/Realty_Income,Retail REITs,"San Diego, California",2015-04-07,Real estate investment trust,4.079,0.8723,418,,,"William E. Clark, Jr.Evelyn J. Clark",1969
Regency Centers,https://en.wikipedia.org/wiki/Regency_Centers,Retail REITs,"Jacksonville, Florida",2017-03-02,Real estate investment trust,1.133,0.239,450,,Martin E.,,1963
Regeneron Pharmaceuticals,https://en.wikipedia.org/wiki/Regeneron_Pharmaceuticals,Biotechnology,"Tarrytown, New York",2013-05-01,"Pharmaceuticals, Biotech",13.12,3.95,13450,,Leonard Schleifer,"Leonard Schleifer, George Yancopoulos",1988
Regions Financial Corporation,https://en.wikipedia.org/wiki/Regions_Financial_Corporation,Regional Banks,"Birmingham, Alabama",1998-08-28,Financial services,7.531,2.146,20073,,,,1971
Republic Services,https://en.wikipedia.org/wiki/Republic_Services,Environmental & Facilities Services,"Phoenix, Arizona",2008-12-05,Waste management,0.013,0.001,400005,,,,1998
ResMed,https://en.wikipedia.org/wiki/ResMed,Health Care Equipment,"San Diego, California",2017-07-26,Medical,4.69,1.02,9980,,"Michael ""Mick"" Farrell",Peter C. Farrell,1989
Revvity,https://en.wikipedia.org/wiki/Revvity,Health Care Equipment,"Waltham, Massachusetts",1985-05-31,Biotechnology,2.7,,11000,,Prahlad Singh,,2023
Rockwell Automation,https://en.wikipedia.org/wiki/Rockwell_Automation,Electrical Components & Equipment,"Milwaukee, Wisconsin",2000-03-12,,9.06,1.39,29000,,Blake Moret,,1903
"Rollins, Inc.","https://en.wikipedia.org/wiki/Rollins,_Inc.",Environmental & Facilities Services,"Atlanta, Georgia",2018-10-01,Pest controlConglomerate,2.695,,19031,,,,1948
Roper Technologies,https://en.wikipedia.org/wiki/Roper_Technologies,Electronic Equipment & Instruments,"Sarasota, Florida",2009-12-23,Conglomerate,6.18,1.38,16800,,Neil Hunn,,1890
Ross Stores,https://en.wikipedia.org/wiki/Ross_Stores,Apparel Retail,"Dublin, California",2009-12-21,Retail,14.89,1.02,88100,,Barbara Rentler,Morris RossBill Isackson,1950
Royal Caribbean Group,https://en.wikipedia.org/wiki/Royal_Caribbean_Group,"Hotels, Resorts & Cruise Lines","Miami, Florida",2014-12-05,"Hospitality, Travel, Tourism",13.9,1.704,107700,,,Arne Wilhelmsen,1997
S&P Global,https://en.wikipedia.org/wiki/S%26P_Global,Financial Exchanges & Data,"New York City, New York",1957-03-04,Financial services,12.5,2.63,40450,,Douglas L. Peterson,"James H. McGraw, John A. Hill",1917
Salesforce,https://en.wikipedia.org/wiki/Salesforce,Application Software,"San Francisco, California",2008-09-15,"Cloud computing, Enterprise software, Consulting",34.86,4.136,72682,,Marc Benioff,"Marc Benioff, Parker Harris, Dave Moellenhoff, Frank Dominguez",1999
SBA Communications,https://en.wikipedia.org/wiki/SBA_Communications,Telecom Tower REITs,"Boca Raton, Florida",2017-09-01,Real Estate Investment Trust,,,,,,,
Schlumberger,https://en.wikipedia.org/wiki/Schlumberger,Oil & Gas Equipment & Services,"Houston, Texas",1957-03-04,Oilfieldservices and equipment,33.14,4.203,111000,,Olivier Le Peuch,Conrad SchlumbergerMarcel Schlumberger,1926
Seagate Technology,https://en.wikipedia.org/wiki/Seagate_Technology,"Technology Hardware, Storage & Peripherals","Dublin, Ireland",2012-07-02,Computer storage,6.55,0.335,30000,,Michael R. Cannon,"Alan Shugart, Tom Mitchell, Doug Mahon, Finis Conner, Syed Iftikar",1979
Sempra,https://en.wikipedia.org/wiki/Sempra,Multi-Utilities,"San Diego, California",2017-03-17,Utilities,16.7,3.6,20000,,Jeffrey W. Martin,,1998
ServiceNow,https://en.wikipedia.org/wiki/ServiceNow,Systems Software,"Santa Clara, California",2019-11-21,Enterprise software,8.97,1.73,22668,,Bill McDermott,"Fred Luddy, David Loo, Don Goodliffe, Bow Ruggeri, Patrick Casey",2003
Sherwin-Williams,https://en.wikipedia.org/wiki/Sherwin-Williams,Specialty Chemicals,"Cleveland, Ohio",1964-06-30,Chemicals,23.05,2.39,64088,,Heidi G. Petz,"Henry Sherwin, Edward Williams",1866
Simon Property Group,https://en.wikipedia.org/wiki/Simon_Property_Group,Retail REITs,"Indianapolis, Indiana",2002-06-26,Real estate investment trust,5.66,2.28,3000,,David E. Simon,"Melvin Simon, Herbert Simon",1993
Skyworks Solutions,https://en.wikipedia.org/wiki/Skyworks_Solutions,Semiconductors,"Irvine, California",2015-03-12,Semiconductors,4.77,0.98,9750,,Liam Griffin,,2002
J.M. Smucker Company (The),https://en.wikipedia.org/wiki/The_J.M._Smucker_Company,Packaged Foods & Meats,"Orrville, Ohio",2008-11-06,"Food, Beverage",8.18,0.744,9000,,Mark Smucker,Jerome Monroe Smucker,1897
Smurfit WestRock,https://en.wikipedia.org/wiki/Smurfit_WestRock,Paper & Plastic Packaging Products & Materials,"Dublin, Ireland",2024-07-08,Packaging,0.011,0.759,100000,,Anthony Smurfit,,1934
Snap-on,https://en.wikipedia.org/wiki/Snap-on,Industrial Machinery & Supplies & Components,"Kenosha, Wisconsin",1982-09-30,Manufacturing,4.73,1.01,13200,,Nicholas T. Pinchuk,"Joseph Johnson, Bill Seidemann",1920
Solventum,https://en.wikipedia.org/wiki/Solventum,Health Care Technology,"Saint Paul, Minnesota",2024-04-01,Health care,8.2,1.3,22000,,Bryan Hanson,,2023
Southern Company,https://en.wikipedia.org/wiki/Southern_Company,Electric Utilities,"Atlanta, Georgia",1957-03-04,"Energy,Telecom",29.3,3.52,27700,,,,1945
Southwest Airlines,https://en.wikipedia.org/wiki/Southwest_Airlines,Passenger Airlines,"Dallas, Texas",1994-07-01,,26.1,0.465,,,Bob Jordan,"Herb Kelleher, Rollin King",1967
Stanley Black & Decker,https://en.wikipedia.org/wiki/Stanley_Black_%26_Decker,Industrial Machinery & Supplies & Components,"New Britain, Connecticut",1982-09-30,Manufacturing,15.78,0.311,50500,,Don Allan,Frederick Trent Stanley,1843
Starbucks,https://en.wikipedia.org/wiki/Starbucks,Restaurants,"Seattle, Washington",2000-06-07,Coffee shop,35.98,4.125,381000,,Brian Niccol,"Jerry Baldwin, Zev Siegl, Gordon Bowker",1971
State Street Corporation,https://en.wikipedia.org/wiki/State_Street_Corporation,Asset Management & Custody Banks,"Boston, Massachusetts",2003-03-14,"Financial services, Investment management",11.95,1.944,46000,,Ronald P. O’Hanley,,1792
Steel Dynamics,https://en.wikipedia.org/wiki/Steel_Dynamics,Steel,"Fort Wayne, Indiana",2022-12-22,Metals,22.261,3.863,12060,,Mark D. Millett,,1993
Steris,https://en.wikipedia.org/wiki/Steris,Health Care Equipment,"Dublin, Ireland",2019-12-23,Medical devices,5.14,0.378,18179,,Daniel A. Carestio,,1985
Stryker Corporation,https://en.wikipedia.org/wiki/Stryker_Corporation,Health Care Equipment,"Kalamazoo, Michigan",2000-12-12,Medical technology,20.5,3.17,52000,,Kevin A. Lobo,Homer Stryker,1941
Supermicro,https://en.wikipedia.org/wiki/Supermicro,"Technology Hardware, Storage & Peripherals","San Jose, California",2024-03-18,Information technology,7.12,0.64,5126,,Charles Liang,"Charles Liang, Sara Liu",1993
Synchrony Financial,https://en.wikipedia.org/wiki/Synchrony_Financial,Consumer Finance,"Stamford, Connecticut",2015-11-18,Financial services,14.8,4.21,16500,,Brian Doubles,,2003
Synopsys,https://en.wikipedia.org/wiki/Synopsys,Application Software,"Sunnyvale, California",2017-03-16,"Integrated circuit, Software as a service, Software Testing, Internet of Things",5.84,1.22,20300,,Sassine Ghazi,"Aart de Geus, David Gregory, Bill Krieger",1986
Sysco,https://en.wikipedia.org/wiki/Sysco,Food Distributors,"Houston, Texas",1986-12-31,Wholesale,78.8,1.96,76000,,Kevin Hourican,"Herbert Irving, John F. Baugh, Harry Rosenthal",1969
T-Mobile US,https://en.wikipedia.org/wiki/T-Mobile_US,Wireless Telecommunication Services,"Bellevue, Washington",2019-07-15,Telecommunications,78.6,8.3,67000,,Mike Sievert,John W. Stanton,1994
T. Rowe Price,https://en.wikipedia.org/wiki/T._Rowe_Price,Asset Management & Custody Banks,"Baltimore, Maryland",2019-07-29,Investment Management,6.46,1.79,78681,,Rob Sharps,Thomas Rowe Price Jr.,1937
Take-Two Interactive,https://en.wikipedia.org/wiki/Take-Two_Interactive,Interactive Home Entertainment,"New York City, New York",2018-03-19,Video games,5.349,3.74,123711,,,Ryan Brant,1993
"Tapestry, Inc.","https://en.wikipedia.org/wiki/Tapestry,_Inc.","Apparel, Accessories & Luxury Goods","New York City, New York",2004-09-01,"Fashion, accessories",6.67,0.816,18600,,Joanne Crevoiserat,,2000
Targa Resources,https://en.wikipedia.org/wiki/Targa_Resources,Oil & Gas Storage & Transportation,"Houston, Texas",2022-10-12,,,,2430,,Matthew J. Meloy,,2005
Target Corporation,https://en.wikipedia.org/wiki/Target_Corporation,Consumer Staples Merchandise Retail,"Minneapolis, Minnesota",1976-12-31,Retail,107.4,4.138,415000,,Brian C. Cornell,"George Dayton(corporation), Douglas DaytonandJohn Geisse(store)",1902
TE Connectivity,https://en.wikipedia.org/wiki/TE_Connectivity,Electronic Manufacturing Services,"Galway, Ireland",2011-10-17,electronics industry,16.03,1.91,90000,,Terrence Curtin,,2007
Teledyne Technologies,https://en.wikipedia.org/wiki/Teledyne_Technologies,Electronic Equipment & Instruments,"Thousand Oaks, California",2020-06-22,Conglomerate,5.64,0.887,14900,,Edwin Roks,"Henry Singleton, George Kozmetsky, Arthur Rock",1960
Teleflex,https://en.wikipedia.org/wiki/Teleflex,Health Care Equipment,"Wayne, Pennsylvania",2019-01-18,medical device manufacturing,2.448,,15000,,Liam J. Kelly,,1943
Teradyne,https://en.wikipedia.org/wiki/Teradyne,Semiconductor Materials & Equipment,"North Reading, Massachusetts",2020-09-21,Test & Automation,2.68,0.449,6500,,,"Alex d'Arbeloff, Nick DeWolf",1960
"Tesla, Inc.","https://en.wikipedia.org/wiki/Tesla,_Inc.",Automobile Manufacturers,"Austin, Texas",2020-12-21,"Automotive, Renewable energy",96.8,15.0,140473,,Elon Musk,Martin EberhardMarc Tarpenning(See§ Founding),2003
Texas Instruments,https://en.wikipedia.org/wiki/Texas_Instruments,Semiconductors,"Dallas, Texas",2001-03-12,Semiconductors,17.52,6.51,34000,,Haviv Ilan,"Cecil H. Green, J. Erik Jonsson, Eugene McDermott, Patrick E. Haggerty",1930
Textron,https://en.wikipedia.org/wiki/Textron,Aerospace & Defense,"Providence, Rhode Island",1978-12-31,"Aerospace, Automotive, Defense",13.7,0.921,35000,,Scott C. Donnelly,Royal Little,1923
Thermo Fisher Scientific,https://en.wikipedia.org/wiki/Thermo_Fisher_Scientific,Life Sciences Tools & Services,"Waltham, Massachusetts",2004-08-03,"Laboratory equipment, biotechnology, pharmaceutical, healthcare",42.86,5.955,122000,,Marc N. Casper,,1956
TJX Companies,https://en.wikipedia.org/wiki/TJX_Companies,Apparel Retail,"Framingham, Massachusetts",1985-09-30,Retail,54.22,4.474,349000,,Ernie Herrman,Bernard Cammarata,1987
Tractor Supply,https://en.wikipedia.org/wiki/Tractor_Supply,Other Specialty Retail,"Brentwood, Tennessee",2014-01-24,Retail,14.6,1.11,50000,,Hal Lawton,Charles Schmidt,1938
Trane Technologies,https://en.wikipedia.org/wiki/Trane_Technologies,Building Products,"Dublin, Ireland",2010-11-17,Equipment manufacturing,17.68,2.024,40000,,Dave Regnery,,1871
TransDigm Group,https://en.wikipedia.org/wiki/TransDigm_Group,Aerospace & Defense,"Cleveland, Ohio",2016-06-03,Aerospace components,6.585,1.299,15500,,Kevin Stein,"W. Nicholas Howley, Douglas W. Peacock",1993
Travelers Companies (The),https://en.wikipedia.org/wiki/The_Travelers_Companies,Property & Casualty Insurance,"New York City, New York",2002-08-21,"Insurance, Financial services",41.36,2.991,33300,,Alan D. Schnitzer,,1853
Trimble Inc.,https://en.wikipedia.org/wiki/Trimble_Inc.,Electronic Equipment & Instruments,"Westminster, Colorado",2021-01-21,"Geospatial, Construction, Agriculture, Transportation and Logistics, Telecommunications,Asset tracking, Mapping, Utilities, Mobile Resource Management, Government,RFID",3.8,0.311,12700,,Robert Painter,"Charles Trimble, et al.",1978
Truist Financial,https://en.wikipedia.org/wiki/Truist_Financial,Diversified Banks,"Charlotte, North Carolina",1997-12-04,Financial services,33.25,1.05,40000,,William H. Rogers Jr.,,2019
Tyler Technologies,https://en.wikipedia.org/wiki/Tyler_Technologies,Application Software,"Plano, Texas",2020-06-22,Software,1.85,0.164,7200,,,Joseph F. McKinney,1966
Tyson Foods,https://en.wikipedia.org/wiki/Tyson_Foods,Packaged Foods & Meats,"Springdale, Arkansas",2005-08-10,Food processing,53.282,3.238,142000,,John H. Tyson,John W. Tyson,1935
U.S. Bancorp,https://en.wikipedia.org/wiki/U.S._Bancorp,Diversified Banks,"Minneapolis, Minnesota",1999-11-01,Financial services,28.144,5.429,77000,,Andrew Cecere,,1863
Uber,https://en.wikipedia.org/wiki/Uber,Passenger Ground Transportation,"San Francisco, California",2023-12-18,"Transportation, Mobility as a service",37.281,1.887,30400,,Dara Khosrowshahi,"Garrett Camp, Travis Kalanick",2009
"UDR, Inc.","https://en.wikipedia.org/wiki/UDR,_Inc.",Multi-Family Residential REITs,"Highlands Ranch, Colorado",2016-03-07,Real estate investment trust,1.241,0.06,1271,,,,1972
Ulta Beauty,https://en.wikipedia.org/wiki/Ulta_Beauty,Other Specialty Retail,"Bolingbrook, Illinois",2016-04-18,,11.2,1.29,56000,,Dave Kimbell,"Terry Hanson, Dick George",1990
Union Pacific Corporation,https://en.wikipedia.org/wiki/Union_Pacific_Corporation,Rail Transportation,"Omaha, Nebraska",1957-03-04,Transportation,24.1,6.4,31490,,Jim Vena,,1969
United Airlines Holdings,https://en.wikipedia.org/wiki/United_Airlines_Holdings,Passenger Airlines,"Chicago, Illinois",2015-09-03,Aviation,53.7,2.6,103300,,Scott Kirby,,1968
United Parcel Service,https://en.wikipedia.org/wiki/United_Parcel_Service,Air Freight & Logistics,"Sandy Springs, Georgia",2002-07-22,Courier,90.96,6.708,500000,,Carol B. Tomé,James E. Casey,1907
United Rentals,https://en.wikipedia.org/wiki/United_Rentals,Trading Companies & Distributors,"Stamford, Connecticut",2014-09-20,,14.332,2.424,247003,,Michael J. Kneeland,,1997
UnitedHealth Group,https://en.wikipedia.org/wiki/UnitedHealth_Group,Managed Health Care,"Minnetonka, Minnesota",1994-07-01,"Managed healthcare, Insurance",371.6,23.14,440000,,Andrew Witty,Richard T. Burke,1977
Universal Health Services,https://en.wikipedia.org/wiki/Universal_Health_Services,Health Care Facilities,"King of Prussia, Pennsylvania",2014-09-20,,,,96700,,Marc D. Miller,,1979
Valero Energy,https://en.wikipedia.org/wiki/Valero_Energy,Oil & Gas Refining & Marketing,"San Antonio, Texas",2002-12-20,Oil and gas,144.8,8.835,9908,,Lane Riggs,William Greehey,1980
Ventas,https://en.wikipedia.org/wiki/Ventas_(company),Health Care REITs,"Chicago, Illinois",2009-03-04,Real estate investment trustHealth care,3.8,0.433,500,,,,1998
Veralto,https://en.wikipedia.org/wiki/Veralto,Environmental & Facilities Services,"Waltham, Massachusetts",2023-10-02,Conglomerate,23.9,4.76,63000,,Steven Rales,"Steven Rales, Mitchell Rales",1969
Verisign,https://en.wikipedia.org/wiki/Verisign,Internet Services & Infrastructure,"Dulles, Virginia",2006-02-01,"Internet,communications",1.49,0.818,908,,James Bidzos,James Bidzos,1995
Verisk Analytics,https://en.wikipedia.org/wiki/Verisk_Analytics,Research & Consulting Services,"Jersey City, New Jersey",2015-10-08,Data analyticsandrisk assessment,2.68,0.614,7500,,Lee Shavel,,1971
Verizon,https://en.wikipedia.org/wiki/Verizon,Integrated Telecommunication Services,"New York City, New York",1983-11-30,"Telecommunications, Mass media",133.97,12.095,105400,,Hans Vestberg,,1983
Vertex Pharmaceuticals,https://en.wikipedia.org/wiki/Vertex_Pharmaceuticals,Biotechnology,"Boston, Massachusetts",2013-09-23,"Pharmaceuticals, Biotherapeutics",9.87,3.62,5400,,Reshma Kewalramani,,1989
Viatris,https://en.wikipedia.org/wiki/Viatris,Pharmaceuticals,"Pittsburgh, Pennsylvania",2004-04-23,"Pharmaceuticals, Healthcare",15.39,0.054700000000000006,38000,,Scott A. Smith,,2020
Vici Properties,https://en.wikipedia.org/wiki/Vici_Properties,Hotel & Resort REITs,"New York City, New York",2022-06-08,Real estate investment trust,3.61,2.55,283,,Edward B. Pitoniak,,2017
Visa Inc.,https://en.wikipedia.org/wiki/Visa_Inc.,Transaction & Payment Processing Services,"San Francisco, California",2009-12-21,Payment cards services,32.7,17.3,28800,,Ryan McInerney,Dee Hock,1958
Vistra Corp.,https://en.wikipedia.org/wiki/Vistra_Corp,Electric Utilities,"Irving, Texas",2024-05-08,Energy and Power Generation,11.4,,4870,,Jim Burke,,2016
Vulcan Materials Company,https://en.wikipedia.org/wiki/Vulcan_Materials_Company,Construction Materials,"Birmingham, Alabama",1999-06-30,Construction materials,7.315,,120002,,,,1909
W. R. Berkley Corporation,https://en.wikipedia.org/wiki/W._R._Berkley_Corporation,Property & Casualty Insurance,"Greenwich, Connecticut",2019-12-05,Insurance,11.166,1.318,7448,,,William R. Berkley,1967
W. W. Grainger,https://en.wikipedia.org/wiki/W._W._Grainger,Industrial Machinery & Supplies & Components,"Lake Forest, Illinois",1981-06-30,Industrial supply distribution,16.48,1.9,26000,,D.G. Macpherson,William Wallace Grainger,1927
Wabtec,https://en.wikipedia.org/wiki/Wabtec,Construction Machinery & Heavy Transportation Equipment,"Pittsburgh, Pennsylvania",2019-02-27,Rail industry,0.009,0.641,27000,,Rafael Santana,,1999
Walgreens Boots Alliance,https://en.wikipedia.org/wiki/Walgreens_Boots_Alliance,Drug Retail,"Deerfield, Illinois",1979-12-31,Retailandpharmaceuticals,147.7,8.64,312000,,Tim Wentworth,,2014
Walmart,https://en.wikipedia.org/wiki/Walmart,Consumer Staples Merchandise Retail,"Bentonville, Arkansas",1982-08-31,Retail,648.12,16.27,2100000,,Doug McMillon,"Sam Walton,Bud Walton",1962
Walt Disney Company (The),https://en.wikipedia.org/wiki/The_Walt_Disney_Company,Movies & Entertainment,"Burbank, California",1976-06-30,"Media, entertainment",88.898,2.354,225000,,Bob Iger,"Walt Disney, Roy O. Disney",1923
Warner Bros. Discovery,https://en.wikipedia.org/wiki/Warner_Bros._Discovery,Broadcasting,"New York City, New York",2022-04-11,"Media, Entertainment",41.32,3.13,34300,,David Zaslav,,2022
Waste Management,"https://en.wikipedia.org/wiki/Waste_Management,_Inc.",Environmental & Facilities Services,"Houston, Texas",1998-08-31,Waste management,20.426,2.304,48000,,"James C. Fish, Jr.","Wayne Huizenga, Dean Buntrock",1968
Waters Corporation,https://en.wikipedia.org/wiki/Waters_Corporation,Life Sciences Tools & Services,"Milford, Massachusetts",2002-01-02,Life sciences,2.96,0.642,7900,,Udit Batra,James Logan Waters,1958
WEC Energy Group,https://en.wikipedia.org/wiki/WEC_Energy_Group,Electric Utilities,"Milwaukee, Wisconsin",2008-10-31,Diversified utilities,7.65,,80001,,,,1896
Wells Fargo,https://en.wikipedia.org/wiki/Wells_Fargo,Diversified Banks,"San Francisco, California",1976-06-30,Financial services,73.8,13.2,238698,,Charles Scharf,"Henry Wells, William Fargo",1929
Welltower,https://en.wikipedia.org/wiki/Welltower,Health Care REITs,"Toledo, Ohio",2009-01-30,Real estate investment trust,4.742,0.374,464,,,,1970
West Pharmaceutical Services,https://en.wikipedia.org/wiki/West_Pharmaceutical_Services,Health Care Supplies,"Exton, Pennsylvania",2020-05-22,Medical devicesPharmaceuticals,0.001,0.2417,8200,,Eric M. Green,,1923
Western Digital,https://en.wikipedia.org/wiki/Western_Digital,"Technology Hardware, Storage & Peripherals","San Jose, California",2009-07-01,Computer storage,12.3,1.7,53000,,David Goeckeler,Alvin B. Phillips,1970
Weyerhaeuser,https://en.wikipedia.org/wiki/Weyerhaeuser,Timber REITs,"Seattle, Washington",1979-10-01,Real estate investment trust,10.18,1.88,9214,,Devin Stockfish,Friedrich Weyerhäuser,1900
Williams Companies,https://en.wikipedia.org/wiki/Williams_Companies,Oil & Gas Storage & Transportation,"Tulsa, Oklahoma",1975-03-31,Petroleum,10.965,2.046,4783,,Alan S. Armstrong,"David Williams, Miller Williams",1908
Willis Towers Watson,https://en.wikipedia.org/wiki/Willis_Towers_Watson,Insurance Brokers,"London, United Kingdom",2016-01-05,Insurance broker,9.48,1.06,48000,,,Henry Willis,2016
Wynn Resorts,https://en.wikipedia.org/wiki/Wynn_Resorts,Casinos & Gaming,"Paradise, Nevada",2008-11-14,"Hospitality,Tourism,Gaming",3.7,0.42,27000,,Craig Billings,"Steve Wynn, Kazuo Okada",2002
Xcel Energy,https://en.wikipedia.org/wiki/Xcel_Energy,Multi-Utilities,"Minneapolis, Minnesota",1957-03-04,Utilities,14.21,1.771,11311,,Robert C. Frenzel,H.M. Byllesby,1909
Xylem Inc.,https://en.wikipedia.org/wiki/Xylem_Inc.,Industrial Machinery & Supplies & Components,"White Plains, New York",2011-11-01,Manufacturing,6.29,0.609,23000,,Matthew Pine,,2011
Yum! Brands,https://en.wikipedia.org/wiki/Yum!_Brands,Restaurants,"Louisville, Kentucky",1997-10-06,Foodservice,7.076,1.597,34000,,David Gibbs,,1997
Zebra Technologies,https://en.wikipedia.org/wiki/Zebra_Technologies,Electronic Equipment & Instruments,"Lincolnshire, Illinois",2019-12-23,"Computer hardware,Manufacturing,Retail,Health care,Transportation and logistics",4.58,0.296,9750,,William Burns,"Ed Kaplan, Gerhard Cless",1969
Zimmer Biomet,https://en.wikipedia.org/wiki/Zimmer_Biomet,Health Care Equipment,"Warsaw, Indiana",2001-08-07,,7.39,1.02,18000,,Ivan Tornos,Justin O. Zimmer,1927
Zoetis,https://en.wikipedia.org/wiki/Zoetis,Pharmaceuticals,"Parsippany, New Jersey",2013-06-21,Pharmaceutical,8.54,2.34,14100,,Kristin Peck,,1952
